ID,No.,Type,Star,Name,Doll ID,Doll,Damage,Accuracy,Evasion,Move Speed,Rate of Fire,Crit.Rate,Crit.Damage,Armor Pen.,Armor,Shield,Damage Amplify,Damage Reduction,Night View,Rounds,Equip Exp,Equip Level,Adjust Count,Locked
12698477,95,HP (Ammo),★★★★★,16Lab Hollow-Point,155526790,Vector,15.0000,-,-,-,-,-,-,-7.0000,-,-,-,-,-,-,10000,10,0,Locked
12698998,49,PEQ (Night Equip),★★★★★,16Lab Infrared Designator,-,-,-,-,-,-,-,-,-,-,-,-,-,-,100.0000%,-,0,0,0,Locked
13128846,20,AP (Ammo),★★★★★,Mk211 High-Explosive Armor-Piercing Ammo,-,-,-,-,-,-,-,-,-,180,-,-,-,-,-,-,10000,10,16,Locked
13452861,137,Sp. Eq (Exclusive),★★★★★,Adelhyde,70022225,Jill Stingray,-,-,15.0000,-,-,-,-,-,-,-,-,-,-,-,0,0,0,Locked
13452862,138,Sp. Eq (Exclusive),★★★★★,Flanergide,-,-,-,-,15.0000,-,-,-,-,-,-,-,-,-,-,-,0,0,0,Locked
13452863,139,Sp. Eq (Exclusive),★★★★★,Adelhyde,70022225,Jill Stingray,-,-,15.0000,-,-,-,-,-,-,-,-,-,-,-,0,0,0,Locked
13452864,140,Sp. Eq (Exclusive),★★★★★,Bronson Extract,-,-,-,-,15.0000,-,-,-,-,-,-,-,-,-,-,-,0,0,0,Locked
13452865,141,Sp. Eq (Exclusive),★★★★★,Powdered Delta,70022225,Jill Stingray,-,-,15.0000,-,-,-,-,-,-,-,-,-,-,-,0,0,0,Locked
13452866,142,Sp. Eq (Exclusive),★★★★★,Karmotrine,-,-,-,-,15.0000,-,-,-,-,-,-,-,-,-,-,-,0,0,0,Locked
13452867,143,Sp. Eq (Exclusive),★★★★★,Karmotrine,-,-,-,-,15.0000,-,-,-,-,-,-,-,-,-,-,-,0,0,0,Locked
13452868,144,Sp. Eq (Exclusive),★★★★★,Karmotrine,-,-,-,-,15.0000,-,-,-,-,-,-,-,-,-,-,-,0,0,0,Locked
13502899,12,Red Dot,★★★★★,ITI MARS,-,-,-,30,-,-,-1,-,-,-,-,-,-,-,-,-,10000,10,16,Locked
13737660,72,HP (Ammo),★★★★★,ILM Hollow-Point Ammo,157298052,Vector,15,-,-,-,-,-,-,-7,-,-,-,-,-,-,10000,10,6,Locked
13783995,146,Sp. Eq (Exclusive),★★★★★,MIRD Class-5 Rounds,70652566,Dorothy Haze,22,-,-,-,-,-,-,-7,-,-,-,-,-,-,30000,10,13,Locked
13843349,145,Sp. Eq (Exclusive),★★★★★,Prosthetic Arm,69255603,Dana Zane,6,-,-2,-,-,-,-,-,11,-,-,-,-,-,30000,10,16,Locked
13847523,80,Slug (Shell),★★★★★,SABOT Slug,-,-,-,15.3765,-,-,-,-,-,-,-,-,-,-,-,-,10000,10,0,Locked
13913368,147,Sp. Eq (Exclusive),★★★★★,White Knight's Armor,70106078,Sei Asagiri,-,-,34,-,-,-,-,-,-,-,-,-,-,-,30000,10,6,Locked
13963885,80,Slug (Shell),★★★★★,SABOT Slug,-,-,-,10.5410,-,-,-,-,-,-,-,-,-,-,-,-,900,3,0,Locked
13964218,148,Sp. Eq (Exclusive),★★★★★,Prosthetic Eye,71434751,Stella Hoshii,-,-,-,-3.000,3,-,30%,-,-,-,-,-,-,-,30025,10,16,Locked
14023035,149,Sp. Eq (Exclusive),★★★★★,Cybernetic Hands,70652526,Alma Armas,6,-,-2,-,-,-,-,-,-,-,-,-,-,6,30000,10,6,Locked
14243669,71,HP (Ammo),★★★★,ILM Hollow-Point Ammo,-,-,4.8888,-,-,-,-,-,-,-5.0534,-,-,-,-,-,-,0,0,0,Locked
14415034,15,PEQ (Night Equip),★★★★,PEQ-15,-,-,-,-,-,-,-,-,-,-,-,-,-,-,81.3523%,-,0,0,0,Locked
14443531,8,EOT (Holographic),★★★★★,EOT 518,155526790,Vector,8,14,-,-,-4,-,-,-,-,-,-,-,-,-,10000,10,16,Locked
14832627,66,Supp (Silencer),★★★★★,AC4 Suppressor,-,-,-,-,10,-,-,20%,-,-,-,-,-,-,-,-,10000,10,6,Locked
14858802,44,Plate (Body),★★★★★,Type 3 Armor Plate,-,-,-,-,-2,-,-,-,-,-,11,-,-,-,-,-,10025,10,11,Locked
15171775,44,Plate (Body),★★★★★,Type 3 Armor Plate,-,-,-,-,-2,-,-,-,-,-,11,-,-,-,-,-,10000,10,6,Locked
15204924,15,PEQ (Night Equip),★★★★,PEQ-15,-,-,-,-,-,-,-,-,-,-,-,-,-,-,82.8085%,-,0,0,0,Locked
15221878,44,Plate (Body),★★★★★,Type 3 Armor Plate,-,-,-,-,-2,-,-,-,-,-,11,-,-,-,-,-,10000,10,6,Locked
15221912,44,Plate (Body),★★★★★,Type 3 Armor Plate,-,-,-,-,-2,-,-,-,-,-,11,-,-,-,-,-,10000,10,3,Locked
15222027,44,Plate (Body),★★★★★,Type 3 Armor Plate,-,-,-,-,-2.7252,-,-,-,-,-,8.5355,-,-,-,-,-,10000,10,0,Locked
15222525,66,Supp (Silencer),★★★★★,AC4 Suppressor,-,-,-,-,10,-,-,20%,-,-,-,-,-,-,-,-,10000,10,6,Locked
15222570,44,Plate (Body),★★★★★,Type 3 Armor Plate,-,-,-,-,-2.5265,-,-,-,-,-,8.6813,-,-,-,-,-,10000,10,0,Locked
15222592,20,AP (Ammo),★★★★★,Mk211 High-Explosive Armor-Piercing Ammo,-,-,-,-,-,-,-,-,-,180,-,-,-,-,-,-,10000,10,16,Locked
15222606,76,Buck (Shell),★★★★★,#000 Buckshot,-,-,15,-,-,-,-,-,22%,-,-,-,-,-,-,-,10000,10,16,Locked
15222642,76,Buck (Shell),★★★★★,#000 Buckshot,-,-,15,-,-,-,-,-,22%,-,-,-,-,-,-,-,10000,10,14,Locked
15222651,15,PEQ (Night Equip),★★★★,PEQ-15,-,-,-,-,-,-,-,-,-,-,-,-,-,-,82.6285%,-,0,0,0,Locked
15222662,80,Slug (Shell),★★★★★,SABOT Slug,-,-,-,8.5436,-,-,-,-,-,-,-,-,-,-,-,-,0,0,0,Locked
15222668,68,Box (MG Clip),★★★★★,IOP Maximum Ammo Box,142770888,Kord,-,-,-2,-,-,-,-,-,-,-,-,-,-,5,10025,10,6,Locked
15222676,68,Box (MG Clip),★★★★★,IOP Maximum Ammo Box,116995169,Gr MG5,-,-,-2,-,-,-,-,-,-,-,-,-,-,5,10000,10,6,Locked
15222677,68,Box (MG Clip),★★★★★,IOP Maximum Ammo Box,74734020,PKP,-,-,-2,-,-,-,-,-,-,-,-,-,-,5,10025,10,6,Locked
15222686,76,Buck (Shell),★★★★★,#000 Buckshot,-,-,15,-,-,-,-,-,22%,-,-,-,-,-,-,-,10000,10,26,Locked
15222687,20,AP (Ammo),★★★★★,Mk211 High-Explosive Armor-Piercing Ammo,-,-,-,-,-,-,-,-,-,180,-,-,-,-,-,-,10000,10,3,Locked
15222859,40,T Exo (Body),★★★★★,IOP T4 Exoskeleton,-,-,-6,-,35,-,-,-,-,-,-,-,-,-,-,-,10000,10,16,Locked
15222883,76,Buck (Shell),★★★★★,#000 Buckshot,-,-,15,-,-,-,-,-,22%,-,-,-,-,-,-,-,10000,10,13,Locked
15222886,31,HV (Ammo),★★★★,JHP High-Velocity Ammo,-,-,6.5494,-,-,-,-,-,-,-,-,-,-,-,-,-,0,0,0,Locked
15223020,71,HP (Ammo),★★★★,ILM Hollow-Point Ammo,-,-,5.7708,-,-,-,-,-,-,-5.1662,-,-,-,-,-,-,0,0,0,Locked
15223076,72,HP (Ammo),★★★★★,ILM Hollow-Point Ammo,-,-,15,-,-,-,-,-,-,-7,-,-,-,-,-,-,10000,10,6,Locked
15223084,32,HV (Ammo),★★★★★,APCR High-Velocity Ammo,66666667,M4A1 Mod,20,-,-,-,-,-,-,-,-,-,-,-,-,-,10000,10,6,Locked
15223149,16,PEQ (Night Equip),★★★★★,PEQ-16A,-,-,-,-,-,-,-,-,-,-,-,-,-,-,100%,-,0,0,15,Locked
15223155,15,PEQ (Night Equip),★★★★,PEQ-15,-,-,-,-,-,-,-,-,-,-,-,-,-,-,84.3061%,-,0,0,0,Locked
15223211,44,Plate (Body),★★★★★,Type 3 Armor Plate,-,-,-,-,-2.4901,-,-,-,-,-,8.8325,-,-,-,-,-,10000,10,0,Locked
15223219,40,T Exo (Body),★★★★★,IOP T4 Exoskeleton,-,-,-6,-,35,-,-,-,-,-,-,-,-,-,-,-,10000,10,16,Locked
15223292,71,HP (Ammo),★★★★,ILM Hollow-Point Ammo,-,-,4.5462,-,-,-,-,-,-,-5.3024,-,-,-,-,-,-,0,0,0,Locked
15223448,20,AP (Ammo),★★★★★,Mk211 High-Explosive Armor-Piercing Ammo,-,-,-,-,-,-,-,-,-,180,-,-,-,-,-,-,10000,10,9,Locked
15224099,40,T Exo (Body),★★★★★,IOP T4 Exoskeleton,-,-,-6,-,35,-,-,-,-,-,-,-,-,-,-,-,10000,10,16,Locked
15224438,40,T Exo (Body),★★★★★,IOP T4 Exoskeleton,-,-,-6,-,35,-,-,-,-,-,-,-,-,-,-,-,10000,10,7,Locked
15224536,8,EOT (Holographic),★★★★★,EOT 518,157298052,Vector,8,14,-,-,-4,-,-,-,-,-,-,-,-,-,10000,10,16,Locked
15224540,8,EOT (Holographic),★★★★★,EOT 518,142770888,Kord,8,14,-,-,-4,-,-,-,-,-,-,-,-,-,10000,10,8,Locked
15225503,44,Plate (Body),★★★★★,Type 3 Armor Plate,-,-,-,-,-2.9486,-,-,-,-,-,9.26,-,-,-,-,-,10000,10,0,Locked
15258770,15,PEQ (Night Equip),★★★★,PEQ-15,-,-,-,-,-,-,-,-,-,-,-,-,-,-,82.624%,-,0,0,0,Locked
15261555,16,PEQ (Night Equip),★★★★★,PEQ-16A,-,-,-,-,-,-,-,-,-,-,-,-,-,-,100%,-,0,0,15,Locked
15261558,16,PEQ (Night Equip),★★★★★,PEQ-16A,-,-,-,-,-,-,-,-,-,-,-,-,-,-,100%,-,0,0,6,Locked
15270199,8,EOT (Holographic),★★★★★,EOT 518,116995169,Gr MG5,8,14,-,-,-4,-,-,-,-,-,-,-,-,-,10000,10,26,Locked
15308579,16,PEQ (Night Equip),★★★★★,PEQ-16A,-,-,-,-,-,-,-,-,-,-,-,-,-,-,100%,-,0,0,9,Locked
15313261,20,AP (Ammo),★★★★★,Mk211 High-Explosive Armor-Piercing Ammo,-,-,-,-,-,-,-,-,-,180,-,-,-,-,-,-,10000,10,6,Locked
15329443,89,Cape (Body),★★★★,Urban Camouflage Cape,-,-,-,-,-,-3.0000,-,-,9.5368%,-,-,-,-,-,-,-,0,0,0,Locked
15447120,12,Red Dot,★★★★★,ITI MARS,-,-,-,30,-,-,-1,-,-,-,-,-,-,-,-,-,10000,10,16,Locked
15955320,44,Plate (Body),★★★★★,Type 3 Armor Plate,-,-,-,-,-2.5973,-,-,-,-,-,9.6542,-,-,-,-,-,10000,10,0,Locked
15987331,31,HV (Ammo),★★★★,JHP High-Velocity Ammo,-,-,6.990,-,-,-,-,-,-,-,-,-,-,-,-,-,0,0,0,Locked
16225449,161,Sp. Eq (Exclusive),★★★★★,Advanced Infantry Sight,-,-,3,-,-,-,-,24%,-,-,-,-,-,-,-,-,1,0,5,Locked
16226203,110,HV (Ammo),★★★★★,16Lab High-Velocity Ammo,-,-,20.0000,-,-,-,-,-,-,-,-,-,-,-,-,-,10001,10,0,Locked
16272620,95,HP (Ammo),★★★★★,16Lab Hollow-Point,-,-,15.0000,-,-,-,-,-,-,-7.000,-,-,-,-,-,-,10001,10,0,Locked
16349367,32,HV (Ammo),★★★★★,APCR High-Velocity Ammo,-,-,20,-,-,-,-,-,-,-,-,-,-,-,-,-,10000,10,3,Locked
16493767,20,AP (Ammo),★★★★★,Mk211 High-Explosive Armor-Piercing Ammo,-,-,-,-,-,-,-,-,-,180,-,-,-,-,-,-,10000,10,25,Locked
16519957,16,PEQ (Night Equip),★★★★★,PEQ-16A,-,-,-,-,-,-,-,-,-,-,-,-,-,-,100%,-,0,0,13,Locked
16520465,12,Red Dot,★★★★★,ITI MARS,-,-,-,30,-,-,-1,-,-,-,-,-,-,-,-,-,10000,10,16,Locked
16549639,4,Optical,★★★★★,VFL 6-24X56,66666667,M4A1 Mod,-,-,-,-,-,48%,-,-,-,-,-,-,-,-,10000,10,1,Locked
16639069,90,Cape (Body),★★★★★,Thermoptic Camouflage Cape,-,-,-,-,-,-3.0000,-,-,25%,-,-,-,-,-,-,-,10000,10,16,Locked
16639073,12,Red Dot,★★★★★,ITI MARS,-,-,-,30,-,-,-1,-,-,-,-,-,-,-,-,-,10000,10,10,Locked
16695958,8,EOT (Holographic),★★★★★,EOT 518,74734020,PKP,8,14,-,-,-4,-,-,-,-,-,-,-,-,-,10000,10,6,Locked
16695963,44,Plate (Body),★★★★★,Type 3 Armor Plate,-,-,-,-,-2.7326,-,-,-,-,-,8.9459,-,-,-,-,-,10000,10,0,Locked
16701422,19,AP (Ammo),★★★★,Mk169 Armor-Piercing Ammo,-,-,-,-,-,-,-,-,-,100,-,-,-,-,-,-,1,0,0,Locked
16701423,19,AP (Ammo),★★★★,Mk169 Armor-Piercing Ammo,-,-,-,-,-,-,-,-,-,100,-,-,-,-,-,-,1,0,0,Locked
16701425,15,PEQ (Night Equip),★★★★,PEQ-15,-,-,-,-,-,-,-,-,-,-,-,-,-,-,85%,-,1,0,0,Locked
16701426,15,PEQ (Night Equip),★★★★,PEQ-15,-,-,-,-,-,-,-,-,-,-,-,-,-,-,85%,-,1,0,0,Locked
16701427,19,AP (Ammo),★★★★,Mk169 Armor-Piercing Ammo,-,-,-,-,-,-,-,-,-,100,-,-,-,-,-,-,1,0,0,Locked
16701434,65,Supp (Silencer),★★★★,AC3 Suppressor,-,-,-,-,5,-,-,11%,-,-,-,-,-,-,-,-,1,0,0,Locked
16701437,71,HP (Ammo),★★★★,ILM Hollow-Point Ammo,-,-,6,-,-,-,-,-,-,-4,-,-,-,-,-,-,1,0,0,Locked
16701439,19,AP (Ammo),★★★★,Mk169 Armor-Piercing Ammo,-,-,-,-,-,-,-,-,-,100,-,-,-,-,-,-,1,0,0,Locked
16701441,16,PEQ (Night Equip),★★★★★,PEQ-16A,-,-,-,-,-,-,-,-,-,-,-,-,-,-,100%,-,1,0,0,Locked
16701442,20,AP (Ammo),★★★★★,Mk211 High-Explosive Armor-Piercing Ammo,-,-,-,-,-,-,-,-,-,180,-,-,-,-,-,-,10000,10,0,Locked
16748181,44,Plate (Body),★★★★★,Type 3 Armor Plate,-,-,-,-,-2.7825,-,-,-,-,-,9.1211,-,-,-,-,-,10000,10,0,Locked
16767041,20,AP (Ammo),★★★★★,Mk211 High-Explosive Armor-Piercing Ammo,-,-,-,-,-,-,-,-,-,180,-,-,-,-,-,-,10000,10,10,Locked
16869820,76,Buck (Shell),★★★★★,#000 Buckshot,-,-,15,-,-,-,-,-,22%,-,-,-,-,-,-,-,10000,10,6,Locked
17081202,99,Sp. Eq (Exclusive),★★★★★,Inherited Case,66666667,M4A1 Mod,20,-,-,-,20,-,-,-,15,-,-,-,-,-,30001,10,6,Locked
17081305,100,Sp. Eq (Exclusive),★★★★★,Lightweight Rail Kit,67724018,ST AR-15 Mod,15,10,-,-,-,-,30%,-,-,-,-,-,-,-,30000,10,16,Locked
17308965,32,HV (Ammo),★★★★★,APCR High-Velocity Ammo,-,-,20,-,-,-,-,-,-,-,-,-,-,-,-,-,10000,10,4,Locked
17402319,44,Plate (Body),★★★★★,Type 3 Armor Plate,-,-,-,-,-2.5203,-,-,-,-,-,8.2256,-,-,-,-,-,10000,10,0,Locked
17487785,8,EOT (Holographic),★★★★★,EOT 518,-,-,8,14,-,-,-4,-,-,-,-,-,-,-,-,-,10000,10,16,Locked
17638500,40,T Exo (Body),★★★★★,IOP T4 Exoskeleton,-,-,-6,-,35,-,-,-,-,-,-,-,-,-,-,-,10000,10,9,Locked
17729222,8,EOT (Holographic),★★★★★,EOT 518,-,-,8,14,-,-,-4,-,-,-,-,-,-,-,-,-,10000,10,16,Locked
17735889,8,EOT (Holographic),★★★★★,EOT 518,-,-,8,14,-,-,-4,-,-,-,-,-,-,-,-,-,10000,10,16,Locked
17737109,4,Optical,★★★★★,VFL 6-24X56,-,-,-,-,-,-,-,47.8796%,-,-,-,-,-,-,-,-,10000,10,0,Locked
17916050,12,Red Dot,★★★★★,ITI MARS,-,-,-,25.8544,-,-,-3.6058,-,-,-,-,-,-,-,-,-,10000,10,0,Locked
17917509,58,X Exo (Body),★★★★★,IOP X4 Exoskeleton,65802508,M1911 Mod,-,-,20,-,-,-,-,-,-,-,-,-,-,-,10000,10,6,Locked
18069102,15,PEQ (Night Equip),★★★★,PEQ-15,-,-,-,-,-,-,-,-,-,-,-,-,-,-,80.5387%,-,0,0,0,Locked
18105609,12,Red Dot,★★★★★,ITI MARS,-,-,-,30,-,-,-1,-,-,-,-,-,-,-,-,-,10000,10,12,Locked
18105610,8,EOT (Holographic),★★★★★,EOT 518,-,-,8,14,-,-,-4,-,-,-,-,-,-,-,-,-,10000,10,13,Locked
18270886,169,Sp. Eq (Exclusive),★★★★★,Am RFB Quad Rail,77892703,Am RFB,-,-,-,-,-,48%,18%,-,-,-,-,-,-,-,30000,10,16,Locked
18319904,12,Red Dot,★★★★★,ITI MARS,-,-,-,24.6128,-,-,-2.8153,-,-,-,-,-,-,-,-,-,10000,10,0,Locked
18320086,168,Sp. Eq (Exclusive),★★★★★,Folding Stock,-,-,-,-,13.389,-,-,12.576%,-,-,-,-,-,-,-,-,1,0,0,Locked
18393642,105,Sp. Eq (Exclusive),★★★★★,PM 5-25X56,65957173,Kar98k,-,-,-,-,-,48.0000%,20.0000%,-,-,-,-,-,-,-,30000,10,0,Locked
18432239,44,Plate (Body),★★★★★,Type 3 Armor Plate,-,-,-,-,-2.6624,-,-,-,-,-,8.2949,-,-,-,-,-,10000,10,0,Locked
18480793,60,Sp. Eq (Exclusive),★★★★★,.300BLK High-Velocity Ammo,67724018,ST AR-15 Mod,35,-,-,-,-10,-,-,-,-,-,-,-,-,-,30000,10,16,Locked
18505172,39,T Exo (Body),★★★★,IOP T3 Exoskeleton,-,-,-5.4291,-,15.7266,-,-,-,-,-,-,-,-,-,-,-,0,0,0,Locked
18508531,91,Sp. Eq (Exclusive),★★★★★,Special Warfare Mobile Suit,68397009,M16A1,-,-20.0000,10.0000,-,-10.0000,-,-,-,20.0000,-,-,-,-,-,30000,10,0,Locked
18534704,101,Sp. Eq (Exclusive),★★★★★,XM261 ACP,65802508,M1911 Mod,17,-,-,-,-,-,-,-7,-,-,-,-,-,-,30000,10,16,Locked
18634915,16,PEQ (Night Equip),★★★★★,PEQ-16A,-,-,-,-,-,-,-,-,-,-,-,-,-,-,100%,-,0,0,6,Locked
18634974,16,PEQ (Night Equip),★★★★★,PEQ-16A,-,-,-,-,-,-,-,-,-,-,-,-,-,-,100%,-,0,0,6,Locked
18635125,4,Optical,★★★★★,VFL 6-24X56,-,-,-,-,-,-,-,48%,-,-,-,-,-,-,-,-,10000,10,10,Locked
18635177,44,Plate (Body),★★★★★,Type 3 Armor Plate,-,-,-,-,-2.7914,-,-,-,-,-,9.4808,-,-,-,-,-,10000,10,0,Locked
18635290,4,Optical,★★★★★,VFL 6-24X56,-,-,-,-,-,-,-,48%,-,-,-,-,-,-,-,-,10000,10,12,Locked
18635491,16,PEQ (Night Equip),★★★★★,PEQ-16A,-,-,-,-,-,-,-,-,-,-,-,-,-,-,100%,-,0,0,16,Locked
18635502,4,Optical,★★★★★,VFL 6-24X56,-,-,-,-,-,-,-,48%,-,-,-,-,-,-,-,-,10000,10,11,Locked
18636400,20,AP (Ammo),★★★★★,Mk211 High-Explosive Armor-Piercing Ammo,-,-,-,-,-,-,-,-,-,180,-,-,-,-,-,-,10000,10,20,Locked
18636555,32,HV (Ammo),★★★★★,APCR High-Velocity Ammo,-,-,20,-,-,-,-,-,-,-,-,-,-,-,-,-,10000,10,2,Locked
18636575,66,Supp (Silencer),★★★★★,AC4 Suppressor,-,-,-,-,10,-,-,20%,-,-,-,-,-,-,-,-,10000,10,6,Locked
18636661,32,HV (Ammo),★★★★★,APCR High-Velocity Ammo,-,-,20,-,-,-,-,-,-,-,-,-,-,-,-,-,10000,10,2,Locked
18636826,44,Plate (Body),★★★★★,Type 3 Armor Plate,-,-,-,-,-2,-,-,-,-,-,11,-,-,-,-,-,10000,10,6,Locked
18636848,40,T Exo (Body),★★★★★,IOP T4 Exoskeleton,-,-,-6,-,35,-,-,-,-,-,-,-,-,-,-,-,10000,10,6,Locked
18636897,66,Supp (Silencer),★★★★★,AC4 Suppressor,-,-,-,-,10,-,-,20%,-,-,-,-,-,-,-,-,10000,10,16,Locked
18637026,16,PEQ (Night Equip),★★★★★,PEQ-16A,-,-,-,-,-,-,-,-,-,-,-,-,-,-,100%,-,0,0,8,Locked
18637066,90,Cape (Body),★★★★★,Thermoptic Camouflage Cape,-,-,-,-,-,-3.0000,-,-,25%,-,-,-,-,-,-,-,10000,10,6,Locked
18637108,58,X Exo (Body),★★★★★,IOP X4 Exoskeleton,-,-,-,-,20,-,-,-,-,-,-,-,-,-,-,-,10000,10,6,Locked
18637154,89,Cape (Body),★★★★,Urban Camouflage Cape,-,-,-,-,-,-3.0000,-,-,9.7306%,-,-,-,-,-,-,-,0,0,0,Locked
18637353,90,Cape (Body),★★★★★,Thermoptic Camouflage Cape,-,-,-,-,-,-3.0000,-,-,25%,-,-,-,-,-,-,-,10000,10,6,Locked
18637562,16,PEQ (Night Equip),★★★★★,PEQ-16A,-,-,-,-,-,-,-,-,-,-,-,-,-,-,100%,-,0,0,12,Locked
18637903,16,PEQ (Night Equip),★★★★★,PEQ-16A,-,-,-,-,-,-,-,-,-,-,-,-,-,-,100%,-,0,0,12,Locked
18638010,66,Supp (Silencer),★★★★★,AC4 Suppressor,-,-,-,-,10,-,-,20%,-,-,-,-,-,-,-,-,10000,10,6,Locked
18638019,66,Supp (Silencer),★★★★★,AC4 Suppressor,-,-,-,-,10,-,-,20%,-,-,-,-,-,-,-,-,10000,10,16,Locked
18638020,44,Plate (Body),★★★★★,Type 3 Armor Plate,-,-,-,-,-2.7216,-,-,-,-,-,9.3542,-,-,-,-,-,10000,10,0,Locked
18638071,44,Plate (Body),★★★★★,Type 3 Armor Plate,-,-,-,-,-2.8727,-,-,-,-,-,8.8775,-,-,-,-,-,10000,10,0,Locked
18638275,90,Cape (Body),★★★★★,Thermoptic Camouflage Cape,-,-,-,-,-,-3.0000,-,-,25%,-,-,-,-,-,-,-,10000,10,4,Locked
18638396,66,Supp (Silencer),★★★★★,AC4 Suppressor,-,-,-,-,10,-,-,20%,-,-,-,-,-,-,-,-,10000,10,6,Locked
18638402,76,Buck (Shell),★★★★★,#000 Buckshot,-,-,15,-,-,-,-,-,22%,-,-,-,-,-,-,-,10000,10,16,Locked
18638431,68,Box (MG Clip),★★★★★,IOP Maximum Ammo Box,-,-,-,-,-2.1171,-,-,-,-,-,-,-,-,-,-,4.5084,10000,10,0,Locked
18638532,32,HV (Ammo),★★★★★,APCR High-Velocity Ammo,-,-,20,-,-,-,-,-,-,-,-,-,-,-,-,-,10000,10,4,Locked
18638591,68,Box (MG Clip),★★★★★,IOP Maximum Ammo Box,-,-,-,-,-2,-,-,-,-,-,-,-,-,-,-,5,10000,10,6,Locked
18820270,8,EOT (Holographic),★★★★★,EOT 518,-,-,8,14,-,-,-4,-,-,-,-,-,-,-,-,-,10000,10,16,Locked
18854282,8,EOT (Holographic),★★★★★,EOT 518,-,-,7.2584,10.8812,-,-,-5.2676,-,-,-,-,-,-,-,-,-,10000,10,0,Locked
18887221,4,Optical,★★★★★,VFL 6-24X56,-,-,-,-,-,-,-,48%,-,-,-,-,-,-,-,-,10000,10,6,Locked
19083566,89,Cape (Body),★★★★,Urban Camouflage Cape,-,-,-,-,-,-3.0000,-,-,9.5394%,-,-,-,-,-,-,-,0,0,0,Locked
19249291,129,Sp. Eq (Exclusive),★★★★★,M2 Bipod,-,-,-,10,-,-,-,48%,-,-,-,-,-,-,-,-,30000,10,6,Locked
19384543,130,Sp. Eq (Exclusive),★★★★★,Gr G36 Hybrid Sight,-,-,-,8,-,-,-,48%,-,-,-,-,-,-,-,-,30000,10,16,Locked
19627301,4,Optical,★★★★★,VFL 6-24X56,-,-,-,-,-,-,-,48%,-,-,-,-,-,-,-,-,10000,10,15,Locked
19663316,89,Cape (Body),★★★★,Urban Camouflage Cape,-,-,-,-,-,-3.0000,-,-,9.586%,-,-,-,-,-,-,-,0,0,0,Locked
19801957,59,Sp. Eq (Exclusive),★★★★★,National Match-Grade Armor-Piercing Ammo,66373213,Springfield,-,-,-,-,10,-,-,195,-,-,-,-,-,-,30000,10,36,Locked
19801958,59,Sp. Eq (Exclusive),★★★★★,National Match-Grade Armor-Piercing Ammo,83883284,Springfield,-,-,-,-,10,-,-,195,-,-,-,-,-,-,30000,10,26,Locked
19826993,86,Sp. Eq (Exclusive),★★★★★,Hayha Memory Chip,68238450,Mosin-Nagant Mod,30,-,5,-,-,-,30%,-,-,-,-,-,-,-,30000,10,16,Locked
19846951,62,Sp. Eq (Exclusive),★★★★★,GSG UX Exoskeleton,67476085,Gr MP5 Mod,-6,-,58,-,-,-,-,-,-,-,-,-,-,-,30000,10,20,Locked
20096592,71,HP (Ammo),★★★★,ILM Hollow-Point Ammo,-,-,4.6658,-,-,-,-,-,-,-5.0666,-,-,-,-,-,-,0,0,0,Locked
20233966,126,Sp. Eq (Exclusive),★★★★★,Dinergate RO,67535642,M4 SOPMOD II Mod,35,14,-,-,-2,-,-,-,-,-,-,-,-,-,30000,10,6,Locked
20376533,4,Optical,★★★★★,VFL 6-24X56,-,-,-,-,-,-,-,48%,-,-,-,-,-,-,-,-,10000,10,4,Locked
20380882,71,HP (Ammo),★★★★,ILM Hollow-Point Ammo,-,-,5.3526,-,-,-,-,-,-,-5.0106,-,-,-,-,-,-,0,0,0,Locked
20429943,12,Red Dot,★★★★★,ITI MARS,-,-,-,28.1144,-,-,-2.6458,-,-,-,-,-,-,-,-,-,10000,10,0,Locked
20492355,4,Optical,★★★★★,VFL 6-24X56,-,-,-,-,-,-,-,48%,-,-,-,-,-,-,-,-,10000,10,6,Locked
20499062,12,Red Dot,★★★★★,ITI MARS,-,-,-,19.4315,-,-,-2.5264,-,-,-,-,-,-,-,-,-,4500,7,0,Locked
20607876,12,Red Dot,★★★★★,ITI MARS,-,-,-,11.940,-,-,-3.9229,-,-,-,-,-,-,-,-,-,0,0,0,Locked
20609925,8,EOT (Holographic),★★★★★,EOT 518,-,-,5.3642,9.9272,-,-,-5.3772,-,-,-,-,-,-,-,-,-,10000,10,0,Locked
20612125,4,Optical,★★★★★,VFL 6-24X56,-,-,-,-,-,-,-,48%,-,-,-,-,-,-,-,-,10000,10,13,Locked
20634900,8,EOT (Holographic),★★★★★,EOT 518,-,-,5.5295,10.2905,-,-,-5.872,-,-,-,-,-,-,-,-,-,9000,9,0,Locked
20653254,12,Red Dot,★★★★★,ITI MARS,-,-,-,12.852,-,-,-3.5749,-,-,-,-,-,-,-,-,-,0,0,0,Locked
20707966,8,EOT (Holographic),★★★★★,EOT 518,-,-,4.7742,7.6172,-,-,-4.9182,-,-,-,-,-,-,-,-,-,0,0,0,Locked
20718454,58,X Exo (Body),★★★★★,IOP X4 Exoskeleton,-,-,-,-,20,-,-,-,-,-,-,-,-,-,-,-,10000,10,4,Locked
20728435,4,Optical,★★★★★,VFL 6-24X56,-,-,-,-,-,-,-,48%,-,-,-,-,-,-,-,-,10000,10,9,Locked
20859553,8,EOT (Holographic),★★★★★,EOT 518,-,-,4.0574,7.2100,-,-,-5.966,-,-,-,-,-,-,-,-,-,0,0,0,Locked
20897770,4,Optical,★★★★★,VFL 6-24X56,-,-,-,-,-,-,-,48%,-,-,-,-,-,-,-,-,10000,10,11,Locked
20928776,4,Optical,★★★★★,VFL 6-24X56,-,-,-,-,-,-,-,48%,-,-,-,-,-,-,-,-,10000,10,7,Locked
20962003,12,Red Dot,★★★★★,ITI MARS,-,-,-,11.6708,-,-,-2.8216,-,-,-,-,-,-,-,-,-,0,0,0,Locked
20975465,4,Optical,★★★★★,VFL 6-24X56,-,-,-,-,-,-,-,48%,-,-,-,-,-,-,-,-,10000,10,10,Locked
21007211,4,Optical,★★★★★,VFL 6-24X56,-,-,-,-,-,-,-,48%,-,-,-,-,-,-,-,-,10000,10,8,Locked
21018775,12,Red Dot,★★★★★,ITI MARS,-,-,-,11.7096,-,-,-3.3481,-,-,-,-,-,-,-,-,-,0,0,0,Locked
21023129,125,Sp. Eq (Exclusive),★★★★★,Additional Computing Module,74734719,UMP45 Mod,-,-,15,-,-,25%,-,-,-,-,-,-,-,-,30000,10,6,Locked
21129464,12,Red Dot,★★★★★,ITI MARS,-,-,-,11.0736,-,-,-2.8258,-,-,-,-,-,-,-,-,-,0,0,0,Locked
21139483,127,Sp. Eq (Exclusive),★★★★★,Hi-Performance Tactical Hair Accessory,77887566,Gr G41,25.0000,10.0000,20.0000,-,-,-,-,-,-,-,-,-,-,-,30000,10,0,Locked
21199946,15,PEQ (Night Equip),★★★★,PEQ-15,-,-,-,-,-,-,-,-,-,-,-,-,-,-,81.2821%,-,0,0,0,Locked
21275863,12,Red Dot,★★★★★,ITI MARS,-,-,-,12.1816,-,-,-2.3914,-,-,-,-,-,-,-,-,-,0,0,0,Locked
21302597,4,Optical,★★★★★,VFL 6-24X56,-,-,-,-,-,-,-,48%,-,-,-,-,-,-,-,-,10000,10,13,Locked
21333600,175,Sp. Eq (Exclusive),★★★★★,BPR4 & SRM6,77885833,MDR,6,-,10,-,-,48%,-,-,-,-,-,-,-,-,30000,10,6,Locked
21372916,15,PEQ (Night Equip),★★★★,PEQ-15,-,-,-,-,-,-,-,-,-,-,-,-,-,-,84.748%,-,0,0,0,Locked
21392474,89,Cape (Body),★★★★,Urban Camouflage Cape,-,-,-,-,-,-3.0000,-,-,9.5612%,-,-,-,-,-,-,-,0,0,0,Locked
21398252,4,Optical,★★★★★,VFL 6-24X56,-,-,-,-,-,-,-,48%,-,-,-,-,-,-,-,-,10000,10,8,Locked
21398256,4,Optical,★★★★★,VFL 6-24X56,-,-,-,-,-,-,-,48%,-,-,-,-,-,-,-,-,10000,10,6,Locked
21436267,71,HP (Ammo),★★★★,ILM Hollow-Point Ammo,-,-,4.9064,-,-,-,-,-,-,-4.9010,-,-,-,-,-,-,0,0,0,Locked
21444472,31,HV (Ammo),★★★★,JHP High-Velocity Ammo,-,-,6.8636,-,-,-,-,-,-,-,-,-,-,-,-,-,0,0,0,Locked
21491491,66,Supp (Silencer),★★★★★,AC4 Suppressor,-,-,-,-,10,-,-,20%,-,-,-,-,-,-,-,-,10000,10,16,Locked
21526393,65,Supp (Silencer),★★★★,AC3 Suppressor,-,-,-,-,4.6864,-,-,10.7396%,-,-,-,-,-,-,-,-,0,0,0,Locked
21572688,71,HP (Ammo),★★★★,ILM Hollow-Point Ammo,-,-,5.3832,-,-,-,-,-,-,-5.0526,-,-,-,-,-,-,0,0,0,Locked
21573367,71,HP (Ammo),★★★★,ILM Hollow-Point Ammo,-,-,4.938,-,-,-,-,-,-,-5.3562,-,-,-,-,-,-,0,0,0,Locked
21592679,170,Sp. Eq (Exclusive),★★★★★,20mm HEI,77867585,NTW-20 Mod,10,-,-,-,-,-,-,180,-,-,-,-,-,-,30000,10,16,Locked
21595961,89,Cape (Body),★★★★,Urban Camouflage Cape,-,-,-,-,-,-3.0000,-,-,9.8588%,-,-,-,-,-,-,-,0,0,0,Locked
21598684,129,Sp. Eq (Exclusive),★★★★★,M2 Bipod,-,-,-,10,-,-,-,48%,-,-,-,-,-,-,-,-,30000,10,6,Locked
21598689,125,Sp. Eq (Exclusive),★★★★★,Additional Computing Module,-,-,-,-,15,-,-,25%,-,-,-,-,-,-,-,-,30000,10,6,Locked
21600307,71,HP (Ammo),★★★★,ILM Hollow-Point Ammo,-,-,5.5356,-,-,-,-,-,-,-5.0998,-,-,-,-,-,-,0,0,0,Locked
21601218,71,HP (Ammo),★★★★,ILM Hollow-Point Ammo,-,-,4.6044,-,-,-,-,-,-,-5.3774,-,-,-,-,-,-,0,0,0,Locked
21627620,65,Supp (Silencer),★★★★,AC3 Suppressor,-,-,-,-,4.5597,-,-,10.5728%,-,-,-,-,-,-,-,-,0,0,0,Locked
21689879,89,Cape (Body),★★★★,Urban Camouflage Cape,-,-,-,-,-,-3.0000,-,-,9.7762%,-,-,-,-,-,-,-,0,0,0,Locked
21694032,71,HP (Ammo),★★★★,ILM Hollow-Point Ammo,-,-,4.6208,-,-,-,-,-,-,-5.0808,-,-,-,-,-,-,0,0,0,Locked
21723187,71,HP (Ammo),★★★★,ILM Hollow-Point Ammo,-,-,4.8152,-,-,-,-,-,-,-5.2790,-,-,-,-,-,-,0,0,0,Locked
21737048,71,HP (Ammo),★★★★,ILM Hollow-Point Ammo,-,-,4.94,-,-,-,-,-,-,-5.2514,-,-,-,-,-,-,0,0,0,Locked
21743792,40,T Exo (Body),★★★★★,IOP T4 Exoskeleton,-,-,-6,-,35,-,-,-,-,-,-,-,-,-,-,-,10000,10,15,Locked
21750116,8,EOT (Holographic),★★★★★,EOT 518,-,-,4.3126,6.2632,-,-,-5.5156,-,-,-,-,-,-,-,-,-,0,0,0,Locked
21750353,71,HP (Ammo),★★★★,ILM Hollow-Point Ammo,-,-,4.9332,-,-,-,-,-,-,-5.2908,-,-,-,-,-,-,0,0,0,Locked
21784609,71,HP (Ammo),★★★★,ILM Hollow-Point Ammo,-,-,4.5592,-,-,-,-,-,-,-4.7636,-,-,-,-,-,-,0,0,0,Locked
21797777,71,HP (Ammo),★★★★,ILM Hollow-Point Ammo,-,-,5.1232,-,-,-,-,-,-,-5.0674,-,-,-,-,-,-,0,0,0,Locked
21803581,71,HP (Ammo),★★★★,ILM Hollow-Point Ammo,-,-,5.1608,-,-,-,-,-,-,-5.0530,-,-,-,-,-,-,0,0,0,Locked
21804560,71,HP (Ammo),★★★★,ILM Hollow-Point Ammo,-,-,5.4190,-,-,-,-,-,-,-5.1456,-,-,-,-,-,-,0,0,0,Locked
21805164,71,HP (Ammo),★★★★,ILM Hollow-Point Ammo,-,-,5.8324,-,-,-,-,-,-,-4.8718,-,-,-,-,-,-,0,0,0,Locked
21825727,39,T Exo (Body),★★★★,IOP T3 Exoskeleton,-,-,-5.4193,-,15.6934,-,-,-,-,-,-,-,-,-,-,-,0,0,0,Locked
21827637,89,Cape (Body),★★★★,Urban Camouflage Cape,-,-,-,-,-,-3.0000,-,-,9.6208%,-,-,-,-,-,-,-,0,0,0,Locked
21832192,71,HP (Ammo),★★★★,ILM Hollow-Point Ammo,-,-,4.966,-,-,-,-,-,-,-5.264,-,-,-,-,-,-,0,0,0,Locked
21843258,71,HP (Ammo),★★★★,ILM Hollow-Point Ammo,-,-,5.2122,-,-,-,-,-,-,-5.2772,-,-,-,-,-,-,0,0,0,Locked
21982666,89,Cape (Body),★★★★,Urban Camouflage Cape,-,-,-,-,-,-3.0000,-,-,9.7902%,-,-,-,-,-,-,-,0,0,0,Locked
22143743,117,Sp. Eq (Exclusive),★★★★★,Glorylight,115202626,El Clear,-,-,-,-,-,-,-,-,-,-,-,-,100.0000%,-,1,0,0,Locked
22203897,118,Sp. Eq (Exclusive),★★★★★,Black Cat,115292796,El Fail,-,-,-,-,-,-,-,-,-,-,-,-,100.0000%,-,1,0,0,Locked
22369237,12,Red Dot,★★★★★,ITI MARS,-,-,-,12.7032,-,-,-2.6527,-,-,-,-,-,-,-,-,-,0,0,0,Locked
22371183,66,Supp (Silencer),★★★★★,AC4 Suppressor,-,-,-,-,10,-,-,20%,-,-,-,-,-,-,-,-,10000,10,6,Locked
22432997,44,Plate (Body),★★★★★,Type 3 Armor Plate,-,-,-,-,-2.6936,-,-,-,-,-,8.3645,-,-,-,-,-,10000,10,0,Locked
22433097,80,Slug (Shell),★★★★★,SABOT Slug,-,-,-,8.4020,-,-,-,-,-,-,-,-,-,-,-,-,0,0,0,Locked
22433150,66,Supp (Silencer),★★★★★,AC4 Suppressor,-,-,-,-,10,-,-,20%,-,-,-,-,-,-,-,-,10000,10,6,Locked
22433167,58,X Exo (Body),★★★★★,IOP X4 Exoskeleton,-,-,-,-,20,-,-,-,-,-,-,-,-,-,-,-,10000,10,6,Locked
22433238,72,HP (Ammo),★★★★★,ILM Hollow-Point Ammo,-,-,15,-,-,-,-,-,-,-7,-,-,-,-,-,-,10000,10,6,Locked
22433257,76,Buck (Shell),★★★★★,#000 Buckshot,-,-,15,-,-,-,-,-,22%,-,-,-,-,-,-,-,10000,10,16,Locked
22433419,66,Supp (Silencer),★★★★★,AC4 Suppressor,-,-,-,-,10,-,-,20%,-,-,-,-,-,-,-,-,10000,10,16,Locked
22433452,20,AP (Ammo),★★★★★,Mk211 High-Explosive Armor-Piercing Ammo,-,-,-,-,-,-,-,-,-,179.9085,-,-,-,-,-,-,10000,10,0,Locked
22433472,40,T Exo (Body),★★★★★,IOP T4 Exoskeleton,-,-,-6,-,35,-,-,-,-,-,-,-,-,-,-,-,10000,10,6,Locked
22433504,76,Buck (Shell),★★★★★,#000 Buckshot,-,-,15,-,-,-,-,-,22%,-,-,-,-,-,-,-,10000,10,13,Locked
22433619,76,Buck (Shell),★★★★★,#000 Buckshot,-,-,15,-,-,-,-,-,22%,-,-,-,-,-,-,-,10000,10,16,Locked
22433669,66,Supp (Silencer),★★★★★,AC4 Suppressor,-,-,-,-,10,-,-,20%,-,-,-,-,-,-,-,-,10000,10,16,Locked
22433687,32,HV (Ammo),★★★★★,APCR High-Velocity Ammo,-,-,20,-,-,-,-,-,-,-,-,-,-,-,-,-,10000,10,8,Locked
22433872,66,Supp (Silencer),★★★★★,AC4 Suppressor,-,-,-,-,10,-,-,20%,-,-,-,-,-,-,-,-,10000,10,6,Locked
22434171,90,Cape (Body),★★★★★,Thermoptic Camouflage Cape,-,-,-,-,-,-3.0000,-,-,25%,-,-,-,-,-,-,-,10000,10,7,Locked
22434259,66,Supp (Silencer),★★★★★,AC4 Suppressor,-,-,-,-,10,-,-,20%,-,-,-,-,-,-,-,-,10000,10,16,Locked
22434522,44,Plate (Body),★★★★★,Type 3 Armor Plate,-,-,-,-,-2.7141,-,-,-,-,-,6.426,-,-,-,-,-,0,0,0,Locked
22434567,68,Box (MG Clip),★★★★★,IOP Maximum Ammo Box,-,-,-,-,-2,-,-,-,-,-,-,-,-,-,-,5,10000,10,6,Locked
22434672,66,Supp (Silencer),★★★★★,AC4 Suppressor,-,-,-,-,10,-,-,20%,-,-,-,-,-,-,-,-,10000,10,6,Locked
22435219,40,T Exo (Body),★★★★★,IOP T4 Exoskeleton,-,-,-6,-,35,-,-,-,-,-,-,-,-,-,-,-,10000,10,16,Locked
22435257,90,Cape (Body),★★★★★,Thermoptic Camouflage Cape,-,-,-,-,-,-3.0000,-,-,25%,-,-,-,-,-,-,-,10000,10,5,Locked
22435277,58,X Exo (Body),★★★★★,IOP X4 Exoskeleton,-,-,-,-,20,-,-,-,-,-,-,-,-,-,-,-,10000,10,3,Locked
22435422,58,X Exo (Body),★★★★★,IOP X4 Exoskeleton,-,-,-,-,20,-,-,-,-,-,-,-,-,-,-,-,10000,10,3,Locked
22435621,90,Cape (Body),★★★★★,Thermoptic Camouflage Cape,-,-,-,-,-,-3.0000,-,-,25%,-,-,-,-,-,-,-,10000,10,4,Locked
22435680,90,Cape (Body),★★★★★,Thermoptic Camouflage Cape,-,-,-,-,-,-3.0000,-,-,25%,-,-,-,-,-,-,-,10000,10,2,Locked
22435796,90,Cape (Body),★★★★★,Thermoptic Camouflage Cape,-,-,-,-,-,-3.0000,-,-,25%,-,-,-,-,-,-,-,10000,10,6,Locked
22435799,58,X Exo (Body),★★★★★,IOP X4 Exoskeleton,-,-,-,-,20,-,-,-,-,-,-,-,-,-,-,-,10000,10,4,Locked
22435880,66,Supp (Silencer),★★★★★,AC4 Suppressor,-,-,-,-,10,-,-,20%,-,-,-,-,-,-,-,-,10000,10,6,Locked
22436402,58,X Exo (Body),★★★★★,IOP X4 Exoskeleton,-,-,-,-,20,-,-,-,-,-,-,-,-,-,-,-,10000,10,3,Locked
22436483,40,T Exo (Body),★★★★★,IOP T4 Exoskeleton,-,-,-6,-,35,-,-,-,-,-,-,-,-,-,-,-,10000,10,16,Locked
22629352,4,Optical,★★★★★,VFL 6-24X56,-,-,-,-,-,-,-,48%,-,-,-,-,-,-,-,-,10000,10,16,Locked
22649202,8,EOT (Holographic),★★★★★,EOT 518,-,-,4.2212,8.0460,-,-,-4.8032,-,-,-,-,-,-,-,-,-,0,0,0,Locked
22670436,4,Optical,★★★★★,VFL 6-24X56,-,-,-,-,-,-,-,48%,-,-,-,-,-,-,-,-,10000,10,7,Locked
22672311,4,Optical,★★★★★,VFL 6-24X56,-,-,-,-,-,-,-,48%,-,-,-,-,-,-,-,-,10000,10,10,Locked
22674236,12,Red Dot,★★★★★,ITI MARS,-,-,-,13.7348,-,-,-2.4877,-,-,-,-,-,-,-,-,-,0,0,0,Locked
22682970,40,T Exo (Body),★★★★★,IOP T4 Exoskeleton,-,-,-6,-,35,-,-,-,-,-,-,-,-,-,-,-,10000,10,16,Locked
22692939,8,EOT (Holographic),★★★★★,EOT 518,-,-,4.7058,7.1260,-,-,-5.6512,-,-,-,-,-,-,-,-,-,0,0,0,Locked
22700065,4,Optical,★★★★★,VFL 6-24X56,-,-,-,-,-,-,-,48%,-,-,-,-,-,-,-,-,10000,10,26,Locked
22719940,4,Optical,★★★★★,VFL 6-24X56,-,-,-,-,-,-,-,48%,-,-,-,-,-,-,-,-,10000,10,11,Locked
22744728,8,EOT (Holographic),★★★★★,EOT 518,-,-,4.9176,7.0524,-,-,-5.0514,-,-,-,-,-,-,-,-,-,0,0,0,Locked
22769048,89,Cape (Body),★★★★,Urban Camouflage Cape,-,-,-,-,-,-3.0000,-,-,9.5828%,-,-,-,-,-,-,-,0,0,0,Locked
22818854,4,Optical,★★★★★,VFL 6-24X56,-,-,-,-,-,-,-,48%,-,-,-,-,-,-,-,-,10000,10,9,Locked
22898691,4,Optical,★★★★★,VFL 6-24X56,-,-,-,-,-,-,-,48%,-,-,-,-,-,-,-,-,10000,10,13,Locked
22910827,68,Box (MG Clip),★★★★★,IOP Maximum Ammo Box,-,-,-,-,-2,-,-,-,-,-,-,-,-,-,-,5,10000,10,6,Locked
22949472,4,Optical,★★★★★,VFL 6-24X56,-,-,-,-,-,-,-,48%,-,-,-,-,-,-,-,-,10000,10,6,Locked
22949592,8,EOT (Holographic),★★★★★,EOT 518,-,-,4.9298,6.6844,-,-,-5.1928,-,-,-,-,-,-,-,-,-,0,0,0,Locked
22963099,90,Cape (Body),★★★★★,Thermoptic Camouflage Cape,-,-,-,-,-,-3.0000,-,-,25%,-,-,-,-,-,-,-,10000,10,11,Locked
23001099,4,Optical,★★★★★,VFL 6-24X56,-,-,-,-,-,-,-,48%,-,-,-,-,-,-,-,-,10000,10,9,Locked
23070769,68,Box (MG Clip),★★★★★,IOP Maximum Ammo Box,-,-,-,-,-2,-,-,-,-,-,-,-,-,-,-,5,10000,10,6,Locked
23070771,44,Plate (Body),★★★★★,Type 3 Armor Plate,-,-,-,-,-2.712,-,-,-,-,-,6.1004,-,-,-,-,-,0,0,0,Locked
23096571,90,Cape (Body),★★★★★,Thermoptic Camouflage Cape,-,-,-,-,-,-3.0000,-,-,25%,-,-,-,-,-,-,-,10000,10,4,Locked
23098645,122,Sp. Eq (Exclusive),★★★★★,SAA Long Barrel,-,-,2,-,8,-,-,15%,-,-,-,-,-,-,-,-,1,0,16,Locked
23122588,124,Sp. Eq (Exclusive),★★★★★,Gr G3 Barrel Kit,-,-,8,-,-,-,-,48%,-,-,-,-,-,-,-,-,30000,10,16,Locked
23137284,4,Optical,★★★★★,VFL 6-24X56,-,-,-,-,-,-,-,48%,-,-,-,-,-,-,-,-,10000,10,6,Locked
23176509,16,PEQ (Night Equip),★★★★★,PEQ-16A,-,-,-,-,-,-,-,-,-,-,-,-,-,-,100%,-,0,0,7,Locked
23176519,16,PEQ (Night Equip),★★★★★,PEQ-16A,-,-,-,-,-,-,-,-,-,-,-,-,-,-,100%,-,0,0,14,Locked
23201228,16,PEQ (Night Equip),★★★★★,PEQ-16A,-,-,-,-,-,-,-,-,-,-,-,-,-,-,100%,-,0,0,3,Locked
23226633,16,PEQ (Night Equip),★★★★★,PEQ-16A,-,-,-,-,-,-,-,-,-,-,-,-,-,-,100%,-,0,0,15,Locked
23242545,4,Optical,★★★★★,VFL 6-24X56,-,-,-,-,-,-,-,48%,-,-,-,-,-,-,-,-,10000,10,9,Locked
23394164,90,Cape (Body),★★★★★,Thermoptic Camouflage Cape,-,-,-,-,-,-3.0000,-,-,25%,-,-,-,-,-,-,-,10000,10,3,Locked
23480835,12,Red Dot,★★★★★,ITI MARS,-,-,-,12.6888,-,-,-3.3184,-,-,-,-,-,-,-,-,-,0,0,0,Locked
23480841,4,Optical,★★★★★,VFL 6-24X56,-,-,-,-,-,-,-,48%,-,-,-,-,-,-,-,-,10000,10,2,Locked
23480846,12,Red Dot,★★★★★,ITI MARS,-,-,-,14.056,-,-,-1.6831,-,-,-,-,-,-,-,-,-,0,0,0,Locked
23494988,66,Supp (Silencer),★★★★★,AC4 Suppressor,-,-,-,-,10,-,-,20%,-,-,-,-,-,-,-,-,10000,10,15,Locked
23514717,8,EOT (Holographic),★★★★★,EOT 518,-,-,4.0550,8.0356,-,-,-5.0482,-,-,-,-,-,-,-,-,-,0,0,0,Locked
23600302,12,Red Dot,★★★★★,ITI MARS,-,-,-,13.0144,-,-,-2.266,-,-,-,-,-,-,-,-,-,0,0,0,Locked
23638500,16,PEQ (Night Equip),★★★★★,PEQ-16A,-,-,-,-,-,-,-,-,-,-,-,-,-,-,100%,-,0,0,7,Locked
23671661,4,Optical,★★★★★,VFL 6-24X56,-,-,-,-,-,-,-,36%,-,-,-,-,-,-,-,-,2700,5,9,Locked
23701786,12,Red Dot,★★★★★,ITI MARS,-,-,-,13.3244,-,-,-3.2575,-,-,-,-,-,-,-,-,-,0,0,0,Locked
23794318,122,Sp. Eq (Exclusive),★★★★★,SAA Long Barrel,66098458,SAA Mod,3,-,10,-,-,20%,-,-,-,-,-,-,-,-,30000,10,16,Locked
23801882,58,X Exo (Body),★★★★★,IOP X4 Exoskeleton,-,-,-,-,20,-,-,-,-,-,-,-,-,-,-,-,10000,10,5,Locked
23834677,68,Box (MG Clip),★★★★★,IOP Maximum Ammo Box,-,-,-,-,-2,-,-,-,-,-,-,-,-,-,-,5,10000,10,2,Locked
23921117,44,Plate (Body),★★★★★,Type 3 Armor Plate,-,-,-,-,-2.6582,-,-,-,-,-,6.7414,-,-,-,-,-,0,0,0,Locked
23948478,66,Supp (Silencer),★★★★★,AC4 Suppressor,-,-,-,-,10,-,-,20%,-,-,-,-,-,-,-,-,10000,10,15,Locked
23963979,12,Red Dot,★★★★★,ITI MARS,-,-,-,11.8952,-,-,-3.0547,-,-,-,-,-,-,-,-,-,0,0,0,Locked
23973812,66,Supp (Silencer),★★★★★,AC4 Suppressor,-,-,-,-,10,-,-,20%,-,-,-,-,-,-,-,-,10000,10,16,Locked
23995693,16,PEQ (Night Equip),★★★★★,PEQ-16A,-,-,-,-,-,-,-,-,-,-,-,-,-,-,100%,-,0,0,15,Locked
24010858,66,Supp (Silencer),★★★★★,AC4 Suppressor,-,-,-,-,10,-,-,20%,-,-,-,-,-,-,-,-,10000,10,9,Locked
24039940,4,Optical,★★★★★,VFL 6-24X56,-,-,-,-,-,-,-,24%,-,-,-,-,-,-,-,-,0,0,8,Locked
24278186,4,Optical,★★★★★,VFL 6-24X56,-,-,-,-,-,-,-,24%,-,-,-,-,-,-,-,-,1,0,13,Locked
24278203,90,Cape (Body),★★★★★,Thermoptic Camouflage Cape,-,-,-,-,-,-3.0000,-,-,25%,-,-,-,-,-,-,-,10000,10,2,Locked
24306939,12,Red Dot,★★★★★,ITI MARS,-,-,-,12.9428,-,-,-2.4034,-,-,-,-,-,-,-,-,-,0,0,0,Locked
24316533,40,T Exo (Body),★★★★★,IOP T4 Exoskeleton,-,-,-6,-,35,-,-,-,-,-,-,-,-,-,-,-,10000,10,6,Locked
24336184,76,Buck (Shell),★★★★★,#000 Buckshot,-,-,15,-,-,-,-,-,22%,-,-,-,-,-,-,-,10000,10,16,Locked
24392353,12,Red Dot,★★★★★,ITI MARS,-,-,-,12.3208,-,-,-2.9629,-,-,-,-,-,-,-,-,-,0,0,0,Locked
24417393,80,Slug (Shell),★★★★★,SABOT Slug,-,-,-,9.5056,-,-,-,-,-,-,-,-,-,-,-,-,1,0,0,Locked
24424776,20,AP (Ammo),★★★★★,Mk211 High-Explosive Armor-Piercing Ammo,-,-,-,-,-,-,-,-,-,180,-,-,-,-,-,-,10000,10,14,Locked
24458755,72,HP (Ammo),★★★★★,ILM Hollow-Point Ammo,-,-,15,-,-,-,-,-,-,-7,-,-,-,-,-,-,10000,10,6,Locked
24462269,8,EOT (Holographic),★★★★★,EOT 518,-,-,4.526,7.3556,-,-,-5.192,-,-,-,-,-,-,-,-,-,0,0,0,Locked
24515663,20,AP (Ammo),★★★★★,Mk211 High-Explosive Armor-Piercing Ammo,-,-,-,-,-,-,-,-,-,180,-,-,-,-,-,-,10000,10,12,Locked
24529602,12,Red Dot,★★★★★,ITI MARS,-,-,-,12.6012,-,-,-3.9751,-,-,-,-,-,-,-,-,-,0,0,0,Locked
24537205,44,Plate (Body),★★★★★,Type 3 Armor Plate,-,-,-,-,-2.1754,-,-,-,-,-,6.4790,-,-,-,-,-,0,0,0,Locked
24555187,44,Plate (Body),★★★★★,Type 3 Armor Plate,-,-,-,-,-2.6985,-,-,-,-,-,6.8134,-,-,-,-,-,1,0,0,Locked
24614125,4,Optical,★★★★★,VFL 6-24X56,-,-,-,-,-,-,-,24%,-,-,-,-,-,-,-,-,0,0,2,Locked
24625357,80,Slug (Shell),★★★★★,SABOT Slug,-,-,-,8.8188,-,-,-,-,-,-,-,-,-,-,-,-,0,0,0,Locked
24684206,8,EOT (Holographic),★★★★★,EOT 518,-,-,4.68,8.4652,-,-,-4.1552,-,-,-,-,-,-,-,-,-,1,0,0,Locked
24688459,72,HP (Ammo),★★★★★,ILM Hollow-Point Ammo,-,-,15,-,-,-,-,-,-,-7,-,-,-,-,-,-,10000,10,16,Locked
24718779,20,AP (Ammo),★★★★★,Mk211 High-Explosive Armor-Piercing Ammo,-,-,-,-,-,-,-,-,-,180,-,-,-,-,-,-,10000,10,16,Locked
24719909,12,Red Dot,★★★★★,ITI MARS,-,-,-,11.7180,-,-,-3.4141,-,-,-,-,-,-,-,-,-,0,0,0,Locked
24741441,12,Red Dot,★★★★★,ITI MARS,-,-,-,12.3684,-,-,-2.8843,-,-,-,-,-,-,-,-,-,0,0,0,Locked
24741442,4,Optical,★★★★★,VFL 6-24X56,-,-,-,-,-,-,-,24%,-,-,-,-,-,-,-,-,0,0,12,Locked
24746370,113,Sp. Eq (Exclusive),★★★★★,M1895 Suppressor,65802509,M1895 Mod,-,4,14,-,-,20%,-,-,-,-,-,-,-,-,30000,10,7,Locked
24746374,114,Sp. Eq (Exclusive),★★★★★,MP446C Match Barrel,-,-,-,8,10,-,-,20%,-,-,-,-,-,-,-,-,30000,10,6,Locked
24807136,134,Sp. Eq (Exclusive),★★★★★,MPL M21,116993726,Micro Uzi Mod,10,36,-,-,-1,-,-,-,-,-,-,-,-,-,30000,10,15,Locked
24823865,4,Optical,★★★★★,VFL 6-24X56,-,-,-,-,-,-,-,24%,-,-,-,-,-,-,-,-,0,0,11,Locked
24833032,8,EOT (Holographic),★★★★★,EOT 518,-,-,4.6962,6.7484,-,-,-5.0436,-,-,-,-,-,-,-,-,-,0,0,0,Locked
24952538,8,EOT (Holographic),★★★★★,EOT 518,-,-,4.8850,6.4420,-,-,-5.2330,-,-,-,-,-,-,-,-,-,0,0,0,Locked
24980209,40,T Exo (Body),★★★★★,IOP T4 Exoskeleton,-,-,-6,-,35,-,-,-,-,-,-,-,-,-,-,-,10000,10,6,Locked
25001055,8,EOT (Holographic),★★★★★,EOT 518,-,-,4.2788,7.7768,-,-,-5.1232,-,-,-,-,-,-,-,-,-,0,0,0,Locked
25032717,132,Sp. Eq (Exclusive),★★★★★,Gr MG4 MGO,111458019,Gr MG4,-,36.0000,-,-,-1.0000,35.0000%,-,-,-,-,-,-,-,-,30000,10,0,Locked
25055460,182,Sp. Eq (Exclusive),★★★★★,S&B762,96759972,Type79,25,-,-,-,-4.0000,-,-,-,-,-,-,-,-,-,30000,10,3,Locked
25067854,8,EOT (Holographic),★★★★★,EOT 518,-,-,4.8412,7.1368,-,-,-5.9654,-,-,-,-,-,-,-,-,-,0,0,0,Locked
25067855,12,Red Dot,★★★★★,ITI MARS,-,-,-,11.7856,-,-,-3.1141,-,-,-,-,-,-,-,-,-,0,0,0,Locked
25083960,32,HV (Ammo),★★★★★,APCR High-Velocity Ammo,-,-,20,-,-,-,-,-,-,-,-,-,-,-,-,-,10000,10,8,Locked
25247891,135,Sp. Eq (Exclusive),★★★★★,SP6 Subsonic Ammo,74550758,AS Val Mod,24,-,-,-,-,-,-,-,-,-,-,-,-,-,30000,10,6,Locked
25302848,4,Optical,★★★★★,VFL 6-24X56,-,-,-,-,-,-,-,20.2606%,-,-,-,-,-,-,-,-,0,0,0,Locked
25557701,12,Red Dot,★★★★★,ITI MARS,-,-,-,12.1612,-,-,-3.3814,-,-,-,-,-,-,-,-,-,0,0,0,Locked
25680860,43,Plate (Body),★★★★,Type 2 Armor Plate,-,-,-,-,-1.0000,-,-,-,-,-,4.7675,-,-,-,-,-,0,0,0,Locked
25796191,12,Red Dot,★★★★★,ITI MARS,-,-,-,12.6136,-,-,-2.872,-,-,-,-,-,-,-,-,-,0,0,0,Locked
25808771,103,Sp. Eq (Exclusive),★★★★★,Type 64 Exclusive Suppressor,-,-,-,-,15,-,-,20%,-,-,-,-,-,-,-,-,30000,10,14,Locked
25823486,8,EOT (Holographic),★★★★★,EOT 518,-,-,4.2264,8.036,-,-,-5.5382,-,-,-,-,-,-,-,-,-,0,0,0,Locked
25901727,8,EOT (Holographic),★★★★★,EOT 518,-,-,4.8478,8.1780,-,-,-5.4414,-,-,-,-,-,-,-,-,-,0,0,0,Locked
26005532,16,PEQ (Night Equip),★★★★★,PEQ-16A,-,-,-,-,-,-,-,-,-,-,-,-,-,-,100%,-,1,0,10,Locked
26062898,8,EOT (Holographic),★★★★★,EOT 518,-,-,5.1606,8.5592,-,-,-5.5156,-,-,-,-,-,-,-,-,-,0,0,0,Locked
26104540,40,T Exo (Body),★★★★★,IOP T4 Exoskeleton,-,-,-6,-,35,-,-,-,-,-,-,-,-,-,-,-,10000,10,16,Locked
26104645,76,Buck (Shell),★★★★★,#000 Buckshot,-,-,15,-,-,-,-,-,22%,-,-,-,-,-,-,-,10000,10,16,Locked
26104675,66,Supp (Silencer),★★★★★,AC4 Suppressor,-,-,-,-,10,-,-,20%,-,-,-,-,-,-,-,-,10000,10,16,Locked
26104780,80,Slug (Shell),★★★★★,SABOT Slug,-,-,-,20,-,-,-,-,-,-,-,-,-,-,-,-,10000,10,2,Locked
26104893,72,HP (Ammo),★★★★★,ILM Hollow-Point Ammo,-,-,15,-,-,-,-,-,-,-7,-,-,-,-,-,-,10000,10,6,Locked
26104930,44,Plate (Body),★★★★★,Type 3 Armor Plate,-,-,-,-,-2.9817,-,-,-,-,-,6.0562,-,-,-,-,-,0,0,0,Locked
26105004,32,HV (Ammo),★★★★★,APCR High-Velocity Ammo,-,-,20,-,-,-,-,-,-,-,-,-,-,-,-,-,10000,10,4,Locked
26105032,72,HP (Ammo),★★★★★,ILM Hollow-Point Ammo,-,-,15,-,-,-,-,-,-,-7,-,-,-,-,-,-,10000,10,6,Locked
26105051,16,PEQ (Night Equip),★★★★★,PEQ-16A,-,-,-,-,-,-,-,-,-,-,-,-,-,-,100%,-,0,0,7,Locked
26105120,20,AP (Ammo),★★★★★,Mk211 High-Explosive Armor-Piercing Ammo,-,-,-,-,-,-,-,-,-,180,-,-,-,-,-,-,10000,10,8,Locked
26105309,44,Plate (Body),★★★★★,Type 3 Armor Plate,-,-,-,-,-2.7897,-,-,-,-,-,6.7838,-,-,-,-,-,0,0,0,Locked
26105438,66,Supp (Silencer),★★★★★,AC4 Suppressor,-,-,-,-,10,-,-,20%,-,-,-,-,-,-,-,-,10000,10,16,Locked
26105446,44,Plate (Body),★★★★★,Type 3 Armor Plate,-,-,-,-,-2.7192,-,-,-,-,-,7.4956,-,-,-,-,-,0,0,0,Locked
26105457,44,Plate (Body),★★★★★,Type 3 Armor Plate,-,-,-,-,-2.8357,-,-,-,-,-,6.9670,-,-,-,-,-,0,0,0,Locked
26105638,44,Plate (Body),★★★★★,Type 3 Armor Plate,-,-,-,-,-2.2177,-,-,-,-,-,7.2986,-,-,-,-,-,0,0,0,Locked
26105648,80,Slug (Shell),★★★★★,SABOT Slug,-,-,-,20,-,-,-,-,-,-,-,-,-,-,-,-,10000,10,6,Locked
26107213,66,Supp (Silencer),★★★★★,AC4 Suppressor,-,-,-,-,10,-,-,20%,-,-,-,-,-,-,-,-,10000,10,6,Locked
26107454,76,Buck (Shell),★★★★★,#000 Buckshot,-,-,13,-,-,-,-,-,20%,-,-,-,-,-,-,-,4900,7,6,Locked
26245489,32,HV (Ammo),★★★★★,APCR High-Velocity Ammo,-,-,20,-,-,-,-,-,-,-,-,-,-,-,-,-,10000,10,8,Locked
26245500,8,EOT (Holographic),★★★★★,EOT 518,-,-,4.8056,7.2676,-,-,-4.5498,-,-,-,-,-,-,-,-,-,0,0,0,Locked
26271019,8,EOT (Holographic),★★★★★,EOT 518,-,-,5.6750,7.3468,-,-,-4.7290,-,-,-,-,-,-,-,-,-,0,0,0,Locked
26281963,12,Red Dot,★★★★★,ITI MARS,-,-,-,13.5088,-,-,-2.8954,-,-,-,-,-,-,-,-,-,0,0,0,Locked
26302660,8,EOT (Holographic),★★★★★,EOT 518,-,-,4.7810,6.9044,-,-,-5.4850,-,-,-,-,-,-,-,-,-,0,0,0,Locked
26304628,8,EOT (Holographic),★★★★★,EOT 518,-,-,5.4334,6.7152,-,-,-4.176,-,-,-,-,-,-,-,-,-,0,0,0,Locked
26365502,40,T Exo (Body),★★★★★,IOP T4 Exoskeleton,-,-,-6,-,35,-,-,-,-,-,-,-,-,-,-,-,10000,10,16,Locked
26399043,133,Sp. Eq (Exclusive),★★★★★,Stechkin Buttstock,71467268,Stechkin Mod,-,4,10,-,-,20%,-,-,-,-,-,-,-,-,30000,10,14,Locked
26413632,61,Sp. Eq (Exclusive),★★★★★,Titan Fire-Control Chip,83883280,M1918 Mod,-2,-,-,-,-1,-,-,-,-,-,-,-,-,6,30000,10,9,Locked
26534778,12,Red Dot,★★★★★,ITI MARS,-,-,-,30,-,-,-1,-,-,-,-,-,-,-,-,-,10000,10,6,Locked
26581037,40,T Exo (Body),★★★★★,IOP T4 Exoskeleton,-,-,-6,-,35,-,-,-,-,-,-,-,-,-,-,-,10000,10,16,Locked
26585489,32,HV (Ammo),★★★★★,APCR High-Velocity Ammo,-,-,20,-,-,-,-,-,-,-,-,-,-,-,-,-,10000,10,6,Locked
26609734,111,Sp. Eq (Exclusive),★★★★★,K6-24X56,68238450,Mosin-Nagant Mod,-,6,-,-,-,50%,-,-,-,-,-,-,-,-,30000,10,6,Locked
26668930,4,Optical,★★★★★,VFL 6-24X56,-,-,-,-,-,-,-,18.4392%,-,-,-,-,-,-,-,-,1,0,0,Locked
26708552,32,HV (Ammo),★★★★★,APCR High-Velocity Ammo,-,-,20,-,-,-,-,-,-,-,-,-,-,-,-,-,10000,10,6,Locked
26717431,8,EOT (Holographic),★★★★★,EOT 518,-,-,4.8902,7.0068,-,-,-4.9904,-,-,-,-,-,-,-,-,-,0,0,0,Locked
26759312,183,Sp. Eq (Exclusive),★★★★★,Duelling Cards,138236500,Rico,-,-,-,-3.0000,-,-,45%,-,-,-,-,-,-,-,30000,10,5,Locked
26778812,184,Sp. Eq (Exclusive),★★★★★,Fairy Tale Picture Books,-,-,15,-,20,-,-,-,-,-,-,-,-,-,-,-,30000,10,6,Locked
26788728,32,HV (Ammo),★★★★★,APCR High-Velocity Ammo,-,-,20,-,-,-,-,-,-,-,-,-,-,-,-,-,10000,10,4,Locked
26797373,187,Sp. Eq (Exclusive),★★★★★,Antique Kaleidoscope,-,-,-,5,10,-,-,25%,-,-,-,-,-,-,-,-,30000,10,7,Locked
26815437,186,Sp. Eq (Exclusive),★★★★★,Bayonet,138481763,Triela,15,-,-,-,-,25%,22%,-,-,-,-,-,-,-,30000,10,16,Locked
26837391,185,Sp. Eq (Exclusive),★★★★★,Spectacles,-,-,5,3,-,-,-,25%,-,-,-,-,-,-,-,-,1,0,16,Locked
26854820,188,Sp. Eq (Exclusive),★★★★★,Meteorite,-,-,5,3,-,-,-,25%,-,-,-,-,-,-,-,-,1,0,16,Locked
26871337,12,Red Dot,★★★★★,ITI MARS,-,-,-,30,-,-,-1,-,-,-,-,-,-,-,-,-,10000,10,16,Locked
26871956,189,Sp. Eq (Exclusive),★★★★★,Wristwatch,-,-,5,3,-,-,-,25%,-,-,-,-,-,-,-,-,1,0,16,Locked
26904212,8,EOT (Holographic),★★★★★,EOT 518,-,-,4.0644,7.4596,-,-,-5.4804,-,-,-,-,-,-,-,-,-,0,0,0,Locked
26930311,12,Red Dot,★★★★★,ITI MARS,-,-,-,30,-,-,-1,-,-,-,-,-,-,-,-,-,10000,10,16,Locked
26949077,32,HV (Ammo),★★★★★,APCR High-Velocity Ammo,-,-,20,-,-,-,-,-,-,-,-,-,-,-,-,-,10000,10,6,Locked
26951662,112,Sp. Eq (Exclusive),★★★★★,CT 4X20,83883280,M1918 Mod,-,30,-,-,-1,30%,-,-,-,-,-,-,-,-,30000,10,16,Locked
26963060,8,EOT (Holographic),★★★★★,EOT 518,-,-,4.5352,7.8872,-,-,-5.0234,-,-,-,-,-,-,-,-,-,0,0,0,Locked
26980229,4,Optical,★★★★★,VFL 6-24X56,-,-,-,-,-,-,-,22.9507%,-,-,-,-,-,-,-,-,0,0,0,Locked
27080025,110,HV (Ammo),★★★★★,16Lab High-Velocity Ammo,-,-,20.0000,-,-,-,-,-,-,-,-,-,-,-,-,-,10000,10,0,Locked
27098680,95,HP (Ammo),★★★★★,16Lab Hollow-Point,-,-,15.0000,-,-,-,-,-,-,-7.0000,-,-,-,-,-,-,10000,10,0,Locked
27128430,8,EOT (Holographic),★★★★★,EOT 518,-,-,4.9744,6.8148,-,-,-5.4838,-,-,-,-,-,-,-,-,-,0,0,0,Locked
27147255,68,Box (MG Clip),★★★★★,IOP Maximum Ammo Box,-,-,-,-,-2,-,-,-,-,-,-,-,-,-,-,5,10000,10,6,Locked
27163092,12,Red Dot,★★★★★,ITI MARS,-,-,-,30,-,-,-1,-,-,-,-,-,-,-,-,-,10000,10,12,Locked
27202853,16,PEQ (Night Equip),★★★★★,PEQ-16A,-,-,-,-,-,-,-,-,-,-,-,-,-,-,100%,-,1,0,6,Locked
27215679,4,Optical,★★★★★,VFL 6-24X56,-,-,-,-,-,-,-,18.2495%,-,-,-,-,-,-,-,-,0,0,0,Locked
27240968,106,Sp. Eq (Exclusive),★★★★★,EOT XPS3,-,-,8,14,-,-,-,25%,-,-,-,-,-,-,-,-,30000,10,26,Locked
27302382,4,Optical,★★★★★,VFL 6-24X56,-,-,-,-,-,-,-,18.7234%,-,-,-,-,-,-,-,-,0,0,0,Locked
27381968,32,HV (Ammo),★★★★★,APCR High-Velocity Ammo,-,-,20,-,-,-,-,-,-,-,-,-,-,-,-,-,10000,10,9,Locked
27382530,16,PEQ (Night Equip),★★★★★,PEQ-16A,-,-,-,-,-,-,-,-,-,-,-,-,-,-,100%,-,1,0,13,Locked
27385798,4,Optical,★★★★★,VFL 6-24X56,-,-,-,-,-,-,-,18.4308%,-,-,-,-,-,-,-,-,0,0,0,Locked
27414838,8,EOT (Holographic),★★★★★,EOT 518,-,-,4.942,7.8888,-,-,-5.4152,-,-,-,-,-,-,-,-,-,0,0,0,Locked
27485505,159,Sp. Eq (Exclusive),★★★★★,Tactical Headwear,69347573,416 Mod,25,-,20,-,-,-,10%,-,-,-,-,-,-,-,30000,10,6,Locked
27505017,8,EOT (Holographic),★★★★★,EOT 518,-,-,4.0932,8.1536,-,-,-5.3998,-,-,-,-,-,-,-,-,-,0,0,0,Locked
27537258,158,Sp. Eq (Exclusive),★★★★★,Acceleration Coil,65957184,Type88 Mod,5,-,-,-,-,50%,-,-,-,-,-,-,-,-,30000,10,16,Locked
27573270,72,HP (Ammo),★★★★★,ILM Hollow-Point Ammo,-,-,15,-,-,-,-,-,-,-7,-,-,-,-,-,-,10000,10,16,Locked
27592469,8,EOT (Holographic),★★★★★,EOT 518,-,-,4.2438,7.4864,-,-,-5.4432,-,-,-,-,-,-,-,-,-,1,0,0,Locked
27611891,40,T Exo (Body),★★★★★,IOP T4 Exoskeleton,-,-,-6,-,35,-,-,-,-,-,-,-,-,-,-,-,10000,10,16,Locked
27623638,12,Red Dot,★★★★★,ITI MARS,-,-,-,30,-,-,-1,-,-,-,-,-,-,-,-,-,10000,10,6,Locked
27664786,58,X Exo (Body),★★★★★,IOP X4 Exoskeleton,-,-,-,-,20,-,-,-,-,-,-,-,-,-,-,-,10000,10,6,Locked
27666765,8,EOT (Holographic),★★★★★,EOT 518,-,-,5.5788,7.3236,-,-,-5.0568,-,-,-,-,-,-,-,-,-,0,0,0,Locked
27684115,4,Optical,★★★★★,VFL 6-24X56,-,-,-,-,-,-,-,20.1717%,-,-,-,-,-,-,-,-,1,0,0,Locked
27909737,156,Sp. Eq (Exclusive),★★★★★,AMP COMPSP,90757145,UMP9 Mod,10,15,15,-,-,-,-,-,-,-,-,-,-,-,30000,10,16,Locked
27947905,76,Buck (Shell),★★★★★,#000 Buckshot,-,-,10,-,-,-,-,-,15%,-,-,-,-,-,-,-,201,1,16,Locked
28048199,12,Red Dot,★★★★★,ITI MARS,-,-,-,11.5608,-,-,-3.3346,-,-,-,-,-,-,-,-,-,0,0,0,Locked
28061330,160,Sp. Eq (Exclusive),★★★★★,No32 MKI,77876159,Lee Enfield,-,-,-,-,4.0000,48.0000%,-,-,-,-,-,-,-,-,30000,10,0,Locked
28195987,44,Plate (Body),★★★★★,Type 3 Armor Plate,-,-,-,-,-2.658,-,-,-,-,-,6.3882,-,-,-,-,-,1,0,0,Locked
28217652,4,Optical,★★★★★,VFL 6-24X56,-,-,-,-,-,-,-,20.6568%,-,-,-,-,-,-,-,-,1,0,0,Locked
28242124,4,Optical,★★★★★,VFL 6-24X56,-,-,-,-,-,-,-,18.0619%,-,-,-,-,-,-,-,-,0,0,0,Locked
28242127,4,Optical,★★★★★,VFL 6-24X56,-,-,-,-,-,-,-,20.6953%,-,-,-,-,-,-,-,-,0,0,0,Locked
28244489,66,Supp (Silencer),★★★★★,AC4 Suppressor,-,-,-,-,10,-,-,20%,-,-,-,-,-,-,-,-,10000,10,6,Locked
28257408,90,Cape (Body),★★★★★,Thermoptic Camouflage Cape,-,-,-,-,-,-3.0000,-,-,25%,-,-,-,-,-,-,-,10000,10,3,Locked
28257412,16,PEQ (Night Equip),★★★★★,PEQ-16A,-,-,-,-,-,-,-,-,-,-,-,-,-,-,100%,-,0,0,6,Locked
28257414,8,EOT (Holographic),★★★★★,EOT 518,-,-,4.3104,7.6500,-,-,-5.2590,-,-,-,-,-,-,-,-,-,0,0,0,Locked
28263332,8,EOT (Holographic),★★★★★,EOT 518,-,-,4.850,6.9728,-,-,-4.7986,-,-,-,-,-,-,-,-,-,0,0,0,Locked
28298339,58,X Exo (Body),★★★★★,IOP X4 Exoskeleton,-,-,-,-,20,-,-,-,-,-,-,-,-,-,-,-,10000,10,8,Locked
28305641,169,Sp. Eq (Exclusive),★★★★★,Am RFB Quad Rail,-,-,-,-,-,-,-,17.5474%,6.2192%,-,-,-,-,-,-,-,1,0,0,Locked
28305646,168,Sp. Eq (Exclusive),★★★★★,Folding Stock,-,-,-,-,13.3041,-,-,12.7584%,-,-,-,-,-,-,-,-,1,0,0,Locked
28325962,76,Buck (Shell),★★★★★,#000 Buckshot,-,-,10,-,-,-,-,-,15%,-,-,-,-,-,-,-,201,1,6,Locked
28407018,12,Red Dot,★★★★★,ITI MARS,-,-,-,11.8516,-,-,-3.4135,-,-,-,-,-,-,-,-,-,0,0,0,Locked
28433275,178,Sp. Eq (Exclusive),★★★★★,12.7mm 1SL,126588858,KSVK Mod,10,-,-,-,-,-,-,180,-,-,-,-,-,-,30000,10,6,Locked
28451551,4,Optical,★★★★★,VFL 6-24X56,-,-,-,-,-,-,-,20.4972%,-,-,-,-,-,-,-,-,0,0,0,Locked
28494902,12,Red Dot,★★★★★,ITI MARS,-,-,-,11.2976,-,-,-2.7343,-,-,-,-,-,-,-,-,-,0,0,0,Locked
28545163,12,Red Dot,★★★★★,ITI MARS,-,-,-,12.5436,-,-,-2.791,-,-,-,-,-,-,-,-,-,0,0,0,Locked
28553572,12,Red Dot,★★★★★,ITI MARS,-,-,-,13.6236,-,-,-3.3391,-,-,-,-,-,-,-,-,-,0,0,0,Locked
28589265,155,Sp. Eq (Exclusive),★★★★★,PPK Suppressor,65804810,PPK,-,-,13,-,-,20%,-,-,-,-,-,-,-,-,1,0,6,Locked
28640323,12,Red Dot,★★★★★,ITI MARS,-,-,-,13.5724,-,-,-2.6257,-,-,-,-,-,-,-,-,-,0,0,0,Locked
28640326,12,Red Dot,★★★★★,ITI MARS,-,-,-,11.8860,-,-,-2.6656,-,-,-,-,-,-,-,-,-,0,0,0,Locked
28736906,44,Plate (Body),★★★★★,Type 3 Armor Plate,-,-,-,-,-2,-,-,-,-,-,11,-,-,-,-,-,10000,10,6,Locked
28773645,12,Red Dot,★★★★★,ITI MARS,-,-,-,11.8788,-,-,-2.9755,-,-,-,-,-,-,-,-,-,0,0,0,Locked
28773875,201,Sp. Eq (Exclusive),★★★★★,Go-Bag "V",149406737,Agent Vector,-6.0000,-,35.0000,-,-,-,-,-,-,-,-,-,-,-,10000,10,0,Locked
28773879,204,Sp. Eq (Exclusive),★★★★★,416's Go-Bag,149407049,Agent 416,-,-,20.000,-,-,-,-,-,-,-,-,-,-,-,10000,10,0,Locked
28773908,200,Sp. Eq (Exclusive),★★★★★,.45 Hollow Point Ammo (Incendiary),149406737,Agent Vector,15.0000,-,-,-,-,-,-,-7.0000,-,-,-,-,-,-,10000,10,0,Locked
28781905,4,Optical,★★★★★,VFL 6-24X56,-,-,-,-,-,-,-,18.0171%,-,-,-,-,-,-,-,-,0,0,0,Locked
28782705,199,Sp. Eq (Exclusive),★★★★★,Osprey 45 Silencer,149406737,Agent Vector,-,-,10.0000,-,-,20.0000%,-,-,-,-,-,-,-,-,10000,10,0,Locked
28782857,202,Sp. Eq (Exclusive),★★★★★,ACOG (4X),149407049,Agent 416,-,-,-,-,-,48.0000%,-,-,-,-,-,-,-,-,10000,10,0,Locked
28792411,106,Sp. Eq (Exclusive),★★★★★,EOT XPS3,-,-,8,14,-,-,-,25%,-,-,-,-,-,-,-,-,30000,10,16,Locked
28795173,159,Sp. Eq (Exclusive),★★★★★,Tactical Headwear,86355874,416 Mod,25,-,20,-,-,-,10%,-,-,-,-,-,-,-,30000,10,6,Locked
28802312,203,Sp. Eq (Exclusive),★★★★★,556 High-Velocity Ammo (Explosive),149407049,Agent 416,20.0000,-,-,-,-,-,-,-,-,-,-,-,-,-,10000,10,0,Locked
28803787,4,Optical,★★★★★,VFL 6-24X56,-,-,-,-,-,-,-,19.9519%,-,-,-,-,-,-,-,-,0,0,0,Locked
28803788,12,Red Dot,★★★★★,ITI MARS,-,-,-,11.8668,-,-,-3.8203,-,-,-,-,-,-,-,-,-,0,0,0,Locked
28827072,58,X Exo (Body),★★★★★,IOP X4 Exoskeleton,-,-,-,-,20,-,-,-,-,-,-,-,-,-,-,-,10000,10,7,Locked
28879386,8,EOT (Holographic),★★★★★,EOT 518,-,-,4.7130,6.8648,-,-,-5.4318,-,-,-,-,-,-,-,-,-,0,0,0,Locked
28960126,12,Red Dot,★★★★★,ITI MARS,-,-,-,11.6536,-,-,-3.307,-,-,-,-,-,-,-,-,-,0,0,0,Locked
28992156,12,Red Dot,★★★★★,ITI MARS,-,-,-,12.3304,-,-,-1.9072,-,-,-,-,-,-,-,-,-,0,0,0,Locked
28992157,12,Red Dot,★★★★★,ITI MARS,-,-,-,12.8708,-,-,-1.8172,-,-,-,-,-,-,-,-,-,0,0,0,Locked
29043581,8,EOT (Holographic),★★★★★,EOT 518,-,-,4.876,7.8588,-,-,-5.0706,-,-,-,-,-,-,-,-,-,0,0,0,Locked
29061421,8,EOT (Holographic),★★★★★,EOT 518,-,-,4.2536,8.2856,-,-,-4.8422,-,-,-,-,-,-,-,-,-,0,0,0,Locked
29065268,8,EOT (Holographic),★★★★★,EOT 518,-,-,4.7610,7.6924,-,-,-5.4738,-,-,-,-,-,-,-,-,-,0,0,0,Locked
29129025,157,Sp. Eq (Exclusive),★★★★★,LED Weapon Light,67476085,Gr MP5 Mod,10,15,15,-,-,-,-,-,-,-,-,-,-,-,30000,10,16,Locked
29222235,8,EOT (Holographic),★★★★★,EOT 518,-,-,4.4868,6.4996,-,-,-5.8342,-,-,-,-,-,-,-,-,-,0,0,0,Locked
29242092,58,X Exo (Body),★★★★★,IOP X4 Exoskeleton,-,-,-,-,20,-,-,-,-,-,-,-,-,-,-,-,10000,10,3,Locked
29275256,58,X Exo (Body),★★★★★,IOP X4 Exoskeleton,-,-,-,-,20,-,-,-,-,-,-,-,-,-,-,-,10000,10,2,Locked
29322653,4,Optical,★★★★★,VFL 6-24X56,-,-,-,-,-,-,-,18.5001%,-,-,-,-,-,-,-,-,0,0,0,Locked
29329844,12,Red Dot,★★★★★,ITI MARS,-,-,-,12.7816,-,-,-3.4705,-,-,-,-,-,-,-,-,-,0,0,0,Locked
29423549,8,EOT (Holographic),★★★★★,EOT 518,-,-,4.6358,6.6276,-,-,-5.3268,-,-,-,-,-,-,-,-,-,0,0,0,Locked
29571081,12,Red Dot,★★★★★,ITI MARS,-,-,-,30,-,-,-1,-,-,-,-,-,-,-,-,-,10000,10,4,Locked
29609136,102,Sp. Eq (Exclusive),★★★★★,Performance+ Cartridge,-,-,-8.336,-,24.1290,-,1.637,-,-,-,-,-,-,-,-,-,1,0,0,Locked
29623677,58,X Exo (Body),★★★★★,IOP X4 Exoskeleton,-,-,-,-,20,-,-,-,-,-,-,-,-,-,-,-,10000,10,3,Locked
29640249,40,T Exo (Body),★★★★★,IOP T4 Exoskeleton,-,-,-6,-,35,-,-,-,-,-,-,-,-,-,-,-,10000,10,23,Locked
29733882,179,Sp. Eq (Exclusive),★★★★★,WML & Tactical Handguard,78130553,M950A Mod,-,-,20,-,-,20%,-,-,-,-,-,-,-,-,30000,10,10,Locked
29734220,175,Sp. Eq (Exclusive),★★★★★,BPR4 & SRM6,-,-,2.3577,-,6.414,-,-,17.6097%,-,-,-,-,-,-,-,-,1,0,0,Locked
29807125,58,X Exo (Body),★★★★★,IOP X4 Exoskeleton,-,-,-,-,20,-,-,-,-,-,-,-,-,-,-,-,10000,10,6,Locked
29813643,16,PEQ (Night Equip),★★★★★,PEQ-16A,-,-,-,-,-,-,-,-,-,-,-,-,-,-,100%,-,1,0,7,Locked
29821277,40,T Exo (Body),★★★★★,IOP T4 Exoskeleton,-,-,-6,-,35,-,-,-,-,-,-,-,-,-,-,-,10000,10,12,Locked
29823434,76,Buck (Shell),★★★★★,#000 Buckshot,-,-,7.2616,-,-,-,-,-,10.8330%,-,-,-,-,-,-,-,201,1,0,Locked
29849042,80,Slug (Shell),★★★★★,SABOT Slug,-,-,-,8.6828,-,-,-,-,-,-,-,-,-,-,-,-,1,0,0,Locked
29852562,58,X Exo (Body),★★★★★,IOP X4 Exoskeleton,-,-,-,-,20,-,-,-,-,-,-,-,-,-,-,-,10000,10,2,Locked
30128229,58,X Exo (Body),★★★★★,IOP X4 Exoskeleton,-,-,-,-,19.8033,-,-,-,-,-,-,-,-,-,-,-,10000,10,0,Locked
30273265,157,Sp. Eq (Exclusive),★★★★★,LED Weapon Light,83883279,Gr MP5 Mod,10,15,15,-,-,-,-,-,-,-,-,-,-,-,30000,10,18,Locked
30273327,136,Sp. Eq (Exclusive),★★★★★,7.92 KURZ,83883272,StG44 Mod,24,-,-,-,-,-,-,-,-,-,-,-,-,-,30000,10,4,Locked
30442512,40,T Exo (Body),★★★★★,IOP T4 Exoskeleton,-,-,-6,-,35,-,-,-,-,-,-,-,-,-,-,-,10000,10,6,Locked
30442515,40,T Exo (Body),★★★★★,IOP T4 Exoskeleton,-,-,-6,-,35,-,-,-,-,-,-,-,-,-,-,-,10000,10,16,Locked
30466184,40,T Exo (Body),★★★★★,IOP T4 Exoskeleton,-,-,-6,-,35,-,-,-,-,-,-,-,-,-,-,-,10000,10,6,Locked
30721348,131,Sp. Eq (Exclusive),★★★★★,MGO 6X48,-,-,2.0000,34,-,-,-,30%,-,-,-,-,-,-,-,-,30000,10,9,Locked
30721368,104,Sp. Eq (Exclusive),★★★★★,Fire Selector,-,-,-,-,-,-,2.3296,22.0652%,-,-,-,-,-,-,-,-,1,0,0,Locked
30755808,174,Sp. Eq (Exclusive),★★★★★,FRAG-12 High Explosive Rounds,106447634,AA-12,15.0000,20.0000,-,-,-,-,-,-,-,-,-,-,-,-,30000,10,0,Locked
30872771,16,PEQ (Night Equip),★★★★★,PEQ-16A,-,-,-,-,-,-,-,-,-,-,-,-,-,-,100%,-,1,0,8,Locked
30959412,20,AP (Ammo),★★★★★,Mk211 High-Explosive Armor-Piercing Ammo,-,-,-,-,-,-,-,-,-,180,-,-,-,-,-,-,10000,10,6,Locked
30979594,66,Supp (Silencer),★★★★★,AC4 Suppressor,-,-,-,-,10,-,-,20%,-,-,-,-,-,-,-,-,10000,10,7,Locked
31022770,32,HV (Ammo),★★★★★,APCR High-Velocity Ammo,-,-,20,-,-,-,-,-,-,-,-,-,-,-,-,-,10000,10,8,Locked
31117263,32,HV (Ammo),★★★★★,APCR High-Velocity Ammo,-,-,20,-,-,-,-,-,-,-,-,-,-,-,-,-,10000,10,2,Locked
31119516,40,T Exo (Body),★★★★★,IOP T4 Exoskeleton,-,-,-6,-,35,-,-,-,-,-,-,-,-,-,-,-,10000,10,16,Locked
31136197,32,HV (Ammo),★★★★★,APCR High-Velocity Ammo,-,-,20,-,-,-,-,-,-,-,-,-,-,-,-,-,10000,10,3,Locked
31256256,20,AP (Ammo),★★★★★,Mk211 High-Explosive Armor-Piercing Ammo,-,-,-,-,-,-,-,-,-,180,-,-,-,-,-,-,10000,10,17,Locked
31325267,32,HV (Ammo),★★★★★,APCR High-Velocity Ammo,-,-,20,-,-,-,-,-,-,-,-,-,-,-,-,-,10000,10,4,Locked
31383231,178,Sp. Eq (Exclusive),★★★★★,12.7mm 1SL,159227564,KSVK Mod,10,-,-,-,-,-,-,180,-,-,-,-,-,-,30000,10,26,Locked
31383234,158,Sp. Eq (Exclusive),★★★★★,Acceleration Coil,159153588,Type88 Mod,5,-,-,-,-,50%,-,-,-,-,-,-,-,-,30000,10,16,Locked
31383328,112,Sp. Eq (Exclusive),★★★★★,CT 4X20,-,-,-,30,-,-,-1,30%,-,-,-,-,-,-,-,-,30000,10,16,Locked
31393938,44,Plate (Body),★★★★★,Type 3 Armor Plate,-,-,-,-,-2,-,-,-,-,-,11,-,-,-,-,-,10000,10,6,Locked
31579428,20,AP (Ammo),★★★★★,Mk211 High-Explosive Armor-Piercing Ammo,-,-,-,-,-,-,-,-,-,180,-,-,-,-,-,-,10000,10,9,Locked
31640579,182,Sp. Eq (Exclusive),★★★★★,S&B762,-,-,12.9315,-,-,-,-4.0000,-,-,-,-,-,-,-,-,-,1,0,0,Locked
31642597,177,Sp. Eq (Exclusive),★★★★★,MGP Upgrade Kit,83883281,M500 Mod,-,30,-,-,-1,-,24%,-,-,-,-,-,-,-,30000,10,16,Locked
31801345,117,Sp. Eq (Exclusive),★★★★★,Glorylight,164158884,El Clear,-,-,-,-,-,-,-,-,-,-,-,-,100.0000%,-,1,0,0,Locked
31841626,118,Sp. Eq (Exclusive),★★★★★,Black Cat,164234133,El Fail,-,-,-,-,-,-,-,-,-,-,-,-,100.0000%,-,1,0,0,Locked
31957666,90,Cape (Body),★★★★★,Thermoptic Camouflage Cape,-,-,-,-,-,-3.0000,-,-,25%,-,-,-,-,-,-,-,10000,10,7,Locked
32061477,16,PEQ (Night Equip),★★★★★,PEQ-16A,-,-,-,-,-,-,-,-,-,-,-,-,-,-,100%,-,1,0,19,Locked
32104478,32,HV (Ammo),★★★★★,APCR High-Velocity Ammo,-,-,20,-,-,-,-,-,-,-,-,-,-,-,-,-,10000,10,2,Locked
32155093,134,Sp. Eq (Exclusive),★★★★★,MPL M21,83883275,Micro Uzi Mod,10,36,-,-,-1,-,-,-,-,-,-,-,-,-,30000,10,16,Locked
32155107,156,Sp. Eq (Exclusive),★★★★★,AMP COMPSP,-,-,5.9568,7.6684,10,-,-,-,-,-,-,-,-,-,-,-,1,0,0,Locked
32210184,90,Cape (Body),★★★★★,Thermoptic Camouflage Cape,-,-,-,-,-,-3.0000,-,-,25%,-,-,-,-,-,-,-,10000,10,9,Locked
32258638,76,Buck (Shell),★★★★★,#000 Buckshot,-,-,8.0797,-,-,-,-,-,12.3055%,-,-,-,-,-,-,-,1,0,0,Locked
32356981,32,HV (Ammo),★★★★★,APCR High-Velocity Ammo,-,-,20,-,-,-,-,-,-,-,-,-,-,-,-,-,10000,10,6,Locked
32501599,171,Sp. Eq (Exclusive),★★★★★,Tactical Thunderbolt Ahoge,71467268,Stechkin Mod,-,-,20,-,-,20%,-,-,-,-,-,-,-,-,30000,10,6,Locked
32513106,72,HP (Ammo),★★★★★,ILM Hollow-Point Ammo,-,-,15,-,-,-,-,-,-,-7,-,-,-,-,-,-,10000,10,6,Locked
32556894,58,X Exo (Body),★★★★★,IOP X4 Exoskeleton,-,-,-,-,20,-,-,-,-,-,-,-,-,-,-,-,10000,10,8,Locked
32558024,95,HP (Ammo),★★★★★,16Lab Hollow-Point,-,-,15.0000,-,-,-,-,-,-,-7.0000,-,-,-,-,-,-,10000,10,0,Locked
32558026,110,HV (Ammo),★★★★★,16Lab High-Velocity Ammo,-,-,20.0000,-,-,-,-,-,-,-,-,-,-,-,-,-,10000,10,0,Locked
32573981,66,Supp (Silencer),★★★★★,AC4 Suppressor,-,-,-,-,8,-,-,15%,-,-,-,-,-,-,-,-,1,0,16,Locked
32658823,123,Sp. Eq (Exclusive),★★★★★,Bren L4 Barrel Kit,-,-,5,30,-,-,-,30%,-,-,-,-,-,-,-,-,30000,10,6,Locked
32658824,115,Sp. Eq (Exclusive),★★★★★,Digital Camouflage,-,-,2.0512,-,-,-3.0000,-,-,11.0564%,-,-,-,-,-,-,-,1,0,0,Locked
32658825,128,Sp. Eq (Exclusive),★★★★★,STEN Suppressor,-,-,-,-,9.3146,-,-,12.3459%,-,-,-,-,-,-,-,-,1,0,0,Locked
32658826,167,Sp. Eq (Exclusive),★★★★★,C96 Oak Stock,-,-,-,-,10,-,-,15%,-,-,-,-,-,-,-,-,1,0,8,Locked
32660105,20,AP (Ammo),★★★★★,Mk211 High-Explosive Armor-Piercing Ammo,-,-,-,-,-,-,-,-,-,180,-,-,-,-,-,-,10000,10,15,Locked
32695514,66,Supp (Silencer),★★★★★,AC4 Suppressor,-,-,-,-,8,-,-,15%,-,-,-,-,-,-,-,-,0,0,3,Locked
32781333,198,Sp. Eq (Exclusive),★★★★★,Wooden Grips,-,-,-,-,8.002,-,-,19.004%,-,-,-,-,-,-,-,-,1,0,0,Locked
32899111,16,PEQ (Night Equip),★★★★★,PEQ-16A,-,-,-,-,-,-,-,-,-,-,-,-,-,-,100%,-,0,0,8,Locked
32912004,66,Supp (Silencer),★★★★★,AC4 Suppressor,-,-,-,-,6.550,-,-,14.1801%,-,-,-,-,-,-,-,-,0,0,0,Locked
32937419,221,Sp. Eq (Exclusive),★★★★★,Magnetic Accelerated Rounds,65957184,Type88 Mod,5,-,-,-,-,-,-,180,-,-,-,-,-,-,30000,10,16,Locked
32937420,221,Sp. Eq (Exclusive),★★★★★,Magnetic Accelerated Rounds,159153588,Type88 Mod,5,-,-,-,-,-,-,180,-,-,-,-,-,-,30000,10,16,Locked
32937421,221,Sp. Eq (Exclusive),★★★★★,Magnetic Accelerated Rounds,168662507,Type88 Mod,5,-,-,-,-,-,-,180,-,-,-,-,-,-,30000,10,16,Locked
32976327,20,AP (Ammo),★★★★★,Mk211 High-Explosive Armor-Piercing Ammo,-,-,-,-,-,-,-,-,-,180,-,-,-,-,-,-,10000,10,17,Locked
32979220,90,Cape (Body),★★★★★,Thermoptic Camouflage Cape,-,-,-,-,-,-3.0000,-,-,25%,-,-,-,-,-,-,-,10000,10,6,Locked
33036960,68,Box (MG Clip),★★★★★,IOP Maximum Ammo Box,-,-,-,-,-2,-,-,-,-,-,-,-,-,-,-,5,10000,10,6,Locked
33125274,90,Cape (Body),★★★★★,Thermoptic Camouflage Cape,-,-,-,-,-,-3.0000,-,-,25%,-,-,-,-,-,-,-,10000,10,2,Locked
33144378,254,Sp. Eq (Exclusive),★★★★★,Donut of Sweet Dreams,170480270,Pekola,-,-,-,-3.0000,-,-,45%,-,-,-,-,-,-,-,30000,10,9,Locked
33156227,251,Sp. Eq (Exclusive),★★★★★,Demonic Bell,170559093,Minos,-,36,5,-,-,-,-,-,-,-,-,-,-,-,30000,10,6,Locked
33166683,252,Sp. Eq (Exclusive),★★★★★,Grimoire Vol. II,170581773,Hanazono Yurine,3.7294,1.3896,-,-,-,20.3835%,-,-,-,-,-,-,-,-,1,0,0,Locked
33172723,44,Plate (Body),★★★★★,Type 3 Armor Plate,-,-,-,-,-2.7088,-,-,-,-,-,6.9398,-,-,-,-,-,1,0,0,Locked
33179206,255,Sp. Eq (Exclusive),★★★★★,Paper Bag Helmet,170508123,Medusa,18,-,-,-,25,-,-50.0000%,-,-,-,-,-,-,-,30000,10,6,Locked
33190406,253,Sp. Eq (Exclusive),★★★★★,Miraculous Curry Ladle,170559572,Jashin-chan,3.9714,-,22.6345,-,-,-,-,-,-,-,-,-,-,-,1,0,0,Locked
33207768,20,AP (Ammo),★★★★★,Mk211 High-Explosive Armor-Piercing Ammo,-,-,-,-,-,-,-,-,-,180,-,-,-,-,-,-,10000,10,14,Locked
33226089,80,Slug (Shell),★★★★★,SABOT Slug,-,-,-,10.4460,-,-,-,-,-,-,-,-,-,-,-,-,1,0,0,Locked
33257689,206,Sp. Eq (Exclusive),★★★★★,12-gauge Flechette Rounds,-,-,18,12,-,-,-,-,-,-,-,-,-,-,-,-,30000,10,16,Locked
33338369,66,Supp (Silencer),★★★★★,AC4 Suppressor,-,-,-,-,6.7882,-,-,13.0965%,-,-,-,-,-,-,-,-,1,0,0,Locked
33408616,224,RMR (Auxiliary Sight),★★★★★,RMR T4 Red Dot Sight,65802508,M1911 Mod,-,20,-,-,-,30%,-,-,-,-,-,-,-,-,10000,10,6,Locked
33408656,234,Chip (Body),★★★★★,#2 Processor,155526790,Vector,15,-,-,-,25,-,-50.0000%,-,-,-,-,-,-,-,10000,10,6,Locked
33408658,40,T Exo (Body),★★★★★,IOP T4 Exoskeleton,-,-,-6,-,35,-,-,-,-,-,-,-,-,-,-,-,10000,10,6,Locked
33408882,234,Chip (Body),★★★★★,#2 Processor,157298052,Vector,15,-,-,-,25,-,-50.0000%,-,-,-,-,-,-,-,10000,10,15,Locked
33438250,207,Sp. Eq (Exclusive),★★★★★,PT-3 Stock,-,-,1.3834,-,7.8454,-,-,-,-,-,-,-,-,-,-,-,1,0,0,Locked
33438271,205,Sp. Eq (Exclusive),★★★★★,Galil Special Handguards,-,-,10.000,3.4838,-7.2895,-,-,-,-,-,-,-,-,-,-,-,1,0,0,Locked
33481110,16,PEQ (Night Equip),★★★★★,PEQ-16A,-,-,-,-,-,-,-,-,-,-,-,-,-,-,100%,-,1,0,6,Locked
33486198,211,Sp. Eq (Exclusive),★★★★★,Arisaka AP Rounds,109631673,4 Shiki,10,-,-,-,-,-,-,180,-,-,-,-,-,-,30000,10,14,Locked
33500647,20,AP (Ammo),★★★★★,Mk211 High-Explosive Armor-Piercing Ammo,-,-,-,-,-,-,-,-,-,180,-,-,-,-,-,-,10000,10,16,Locked
33519896,169,Sp. Eq (Exclusive),★★★★★,Am RFB Quad Rail,-,-,-,-,-,-,-,20.1591%,7.5588%,-,-,-,-,-,-,-,1,0,0,Locked
33519900,168,Sp. Eq (Exclusive),★★★★★,Folding Stock,-,-,-,-,12.5199,-,-,13.5912%,-,-,-,-,-,-,-,-,1,0,0,Locked
33610403,234,Chip (Body),★★★★★,#2 Processor,-,-,15,-,-,-,25,-,-50.00%,-,-,-,-,-,-,-,10000,10,9,Locked
33774854,266,Sp. Eq (Exclusive),★★★★★,ImpulsIIA/C,74728313,Px4 Storm,-,-,25,-,-,20%,-,-,-,-,-,-,-,-,30000,10,5,Locked
33801994,234,Chip (Body),★★★★★,#2 Processor,-,-,15,-,-,-,25,-,-50.000%,-,-,-,-,-,-,-,10000,10,6,Locked
33844530,234,Chip (Body),★★★★★,#2 Processor,-,-,15,-,-,-,25,-,-50.0000%,-,-,-,-,-,-,-,10000,10,6,Locked
33879102,234,Chip (Body),★★★★★,#2 Processor,-,-,15,-,-,-,25,-,-50.0000%,-,-,-,-,-,-,-,10000,10,6,Locked
33930039,234,Chip (Body),★★★★★,#2 Processor,-,-,15,-,-,-,25,-,-50.0%,-,-,-,-,-,-,-,10000,10,16,Locked
33942303,76,Buck (Shell),★★★★★,#000 Buckshot,-,-,8.4358,-,-,-,-,-,13.0025%,-,-,-,-,-,-,-,0,0,0,Locked
33966792,216,Sp. Eq (Exclusive),★★★★★,20-gauge Custom Slug Rounds,-,-,15,-,-,-,-,30%,-,-,-,-,-,-,-,-,30000,10,16,Locked
33975378,20,AP (Ammo),★★★★★,Mk211 High-Explosive Armor-Piercing Ammo,-,-,-,-,-,-,-,-,-,180,-,-,-,-,-,-,10000,10,5,Locked
34008391,76,Buck (Shell),★★★★★,#000 Buckshot,-,-,8.2456,-,-,-,-,-,11.905%,-,-,-,-,-,-,-,0,0,0,Locked
34020247,259,Sp. Eq (Exclusive),★★★★★,Old Camouflage Uniform,175601177,Mondragon M1908,-,-,-,-,-,-,45%,-,-,-,-,-,-,-,30000,10,6,Locked
34020649,190,Sp. Eq (Exclusive),★★★★★,G-box,77898772,Gr G11 Mod,20.0000,10,-,-,-,-,25.0000%,-,-,-,-,-,-,-,30000,10,1,Locked
34020656,192,Sp. Eq (Exclusive),★★★★★,Beloved Dangle,73205025,RO635 Mod,-6,-,45,-,-,-,-,-,-,-,-,-,-,-,30000,10,18,Locked
34102113,235,Flash (Shell),★★★★★,Shotgun Flash Shells,-,-,-,13.6419,-,-,-,-,-,-,-,-,-,-,-,-,10000,10,0,Locked
34130458,234,Chip (Body),★★★★★,#2 Processor,-,-,15,-,-,-,25,-,-50.000%,-,-,-,-,-,-,-,10000,10,6,Locked
34146527,234,Chip (Body),★★★★★,#2 Processor,-,-,15,-,-,-,25,-,-50.0000%,-,-,-,-,-,-,-,10000,10,6,Locked
34155628,190,Sp. Eq (Exclusive),★★★★★,G-box,89558467,Gr G11 Mod,20.0000,10,-,-,-,-,25.0000%,-,-,-,-,-,-,-,30000,10,2,Locked
34170298,234,Chip (Body),★★★★★,#2 Processor,-,-,15,-,-,-,25,-,-50.0000%,-,-,-,-,-,-,-,10000,10,16,Locked
34350711,234,Chip (Body),★★★★★,#2 Processor,-,-,15,-,-,-,25,-,-50.0000%,-,-,-,-,-,-,-,10000,10,10,Locked
34363566,234,Chip (Body),★★★★★,#2 Processor,-,-,15,-,-,-,25,-,-50.0000%,-,-,-,-,-,-,-,10000,10,6,Locked
34389513,236,Sp. Eq (Exclusive),★★★★★,Thompson's Exoskeleton,-,-,-8.000,-,25,-,-,-,-,-,-,-,-,-,-,-,1,0,5,Locked
34406042,265,Sp. Eq (Exclusive),★★★★★,Synthetic Pistol Grip,-,-,4.0018,11.7412,-,-,-,-,-,-,-,-,-,-,-,-,1,0,0,Locked
34407095,234,Chip (Body),★★★★★,#2 Processor,-,-,15,-,-,-,25,-,-50.0000%,-,-,-,-,-,-,-,10000,10,6,Locked
34421453,158,Sp. Eq (Exclusive),★★★★★,Acceleration Coil,168662507,Type88 Mod,5,-,-,-,-,50%,-,-,-,-,-,-,-,-,30000,10,6,Locked
34436099,157,Sp. Eq (Exclusive),★★★★★,LED Weapon Light,-,-,6.2366,8.8504,10.0000,-,-,-,-,-,-,-,-,-,-,-,651,1,0,Locked
34438967,158,Sp. Eq (Exclusive),★★★★★,Acceleration Coil,172085919,Type88 Mod,5,-,-,-,-,50%,-,-,-,-,-,-,-,-,30000,10,16,Locked
34462247,20,AP (Ammo),★★★★★,Mk211 High-Explosive Armor-Piercing Ammo,-,-,-,-,-,-,-,-,-,113.2080,-,-,-,-,-,-,0,0,0,Locked
34462345,234,Chip (Body),★★★★★,#2 Processor,-,-,15,-,-,-,25,-,-50.0000%,-,-,-,-,-,-,-,10000,10,6,Locked
34462389,72,HP (Ammo),★★★★★,ILM Hollow-Point Ammo,-,-,15,-,-,-,-,-,-,-7,-,-,-,-,-,-,10000,10,10,Locked
34462429,66,Supp (Silencer),★★★★★,AC4 Suppressor,-,-,-,-,6.1108,-,-,13.5501%,-,-,-,-,-,-,-,-,0,0,0,Locked
34462622,235,Flash (Shell),★★★★★,Shotgun Flash Shells,-,-,-,9.8188,-,-,-,-,-,-,-,-,-,-,-,-,0,0,0,Locked
34462629,227,SNIP (Ammo),★★★★★,M1022 Sniper Rounds,142770888,Kord,10,-,-,-,-,-,-,120,-,-,-,-,-,-,10000,10,16,Locked
34462670,72,HP (Ammo),★★★★★,ILM Hollow-Point Ammo,-,-,15,-,-,-,-,-,-,-7,-,-,-,-,-,-,10000,10,16,Locked
34462687,224,RMR (Auxiliary Sight),★★★★★,RMR T4 Red Dot Sight,-,-,-,19.628,-,-,-,29.0132%,-,-,-,-,-,-,-,-,10000,10,0,Locked
34462794,234,Chip (Body),★★★★★,#2 Processor,-,-,15,-,-,-,25,-,-50.0000%,-,-,-,-,-,-,-,10000,10,6,Locked
34462959,66,Supp (Silencer),★★★★★,AC4 Suppressor,-,-,-,-,6.9976,-,-,12.6591%,-,-,-,-,-,-,-,-,0,0,0,Locked
34463024,235,Flash (Shell),★★★★★,Shotgun Flash Shells,-,-,-,9.5952,-,-,-,-,-,-,-,-,-,-,-,-,0,0,0,Locked
34463096,58,X Exo (Body),★★★★★,IOP X4 Exoskeleton,-,-,-,-,9.688,-,-,-,-,-,-,-,-,-,-,-,0,0,0,Locked
34463098,231,Birdshot (Shell),★★★★★,#7.5 Birdshot,-,-,-,-,-,-,6.5316,-,-19.5140%,-,-,-,-,-,-,-,0,0,0,Locked
34463142,20,AP (Ammo),★★★★★,Mk211 High-Explosive Armor-Piercing Ammo,-,-,-,-,-,-,-,-,-,112.9430,-,-,-,-,-,-,0,0,0,Locked
34463191,234,Chip (Body),★★★★★,#2 Processor,-,-,15,-,-,-,25,-,-50.0000%,-,-,-,-,-,-,-,10000,10,6,Locked
34463221,58,X Exo (Body),★★★★★,IOP X4 Exoskeleton,-,-,-,-,10.5744,-,-,-,-,-,-,-,-,-,-,-,0,0,0,Locked
34463227,231,Birdshot (Shell),★★★★★,#7.5 Birdshot,-,-,-,-,-,-,6.1268,-,-17.6760%,-,-,-,-,-,-,-,0,0,0,Locked
34463249,229,SLAP (Ammo),★★★★★,Mk1000 SLAP,-,-,-,-,-,-,-5.0000,-,-,500,-,-,-,-,-,-,10000,10,16,Locked
34463255,234,Chip (Body),★★★★★,#2 Processor,-,-,15,-,-,-,25,-,-50.0000%,-,-,-,-,-,-,-,10000,10,14,Locked
34463296,66,Supp (Silencer),★★★★★,AC4 Suppressor,-,-,-,-,6.9582,-,-,13.1049%,-,-,-,-,-,-,-,-,0,0,0,Locked
34463361,234,Chip (Body),★★★★★,#2 Processor,-,-,15,-,-,-,25,-,-50.0000%,-,-,-,-,-,-,-,10000,10,8,Locked
34463456,66,Supp (Silencer),★★★★★,AC4 Suppressor,-,-,-,-,6.794,-,-,12.84%,-,-,-,-,-,-,-,-,0,0,0,Locked
34463463,224,RMR (Auxiliary Sight),★★★★★,RMR T4 Red Dot Sight,-,-,-,20,-,-,-,30%,-,-,-,-,-,-,-,-,10000,10,6,Locked
34463484,234,Chip (Body),★★★★★,#2 Processor,-,-,15,-,-,-,25,-,-50.000%,-,-,-,-,-,-,-,10000,10,6,Locked
34463510,234,Chip (Body),★★★★★,#2 Processor,-,-,15,-,-,-,25,-,-50.0000%,-,-,-,-,-,-,-,10000,10,16,Locked
34463562,66,Supp (Silencer),★★★★★,AC4 Suppressor,-,-,-,-,6.0624,-,-,13.0857%,-,-,-,-,-,-,-,-,0,0,0,Locked
34463644,72,HP (Ammo),★★★★★,ILM Hollow-Point Ammo,-,-,15,-,-,-,-,-,-,-7,-,-,-,-,-,-,10000,10,5,Locked
34463730,229,SLAP (Ammo),★★★★★,Mk1000 SLAP,-,-,-,-,-,-,-5.0000,-,-,500,-,-,-,-,-,-,10000,10,17,Locked
34463735,40,T Exo (Body),★★★★★,IOP T4 Exoskeleton,-,-,-6,-,35,-,-,-,-,-,-,-,-,-,-,-,10000,10,16,Locked
34463805,224,RMR (Auxiliary Sight),★★★★★,RMR T4 Red Dot Sight,-,-,-,20,-,-,-,30%,-,-,-,-,-,-,-,-,10000,10,4,Locked
34463837,224,RMR (Auxiliary Sight),★★★★★,RMR T4 Red Dot Sight,-,-,-,20,-,-,-,30%,-,-,-,-,-,-,-,-,10000,10,16,Locked
34463849,231,Birdshot (Shell),★★★★★,#7.5 Birdshot,-,-,-,-,-,-,7.270,-,-16.2570%,-,-,-,-,-,-,-,0,0,0,Locked
34464012,40,T Exo (Body),★★★★★,IOP T4 Exoskeleton,-,-,-7.3452,-,31.0681,-,-,-,-,-,-,-,-,-,-,-,10000,10,0,Locked
34464045,234,Chip (Body),★★★★★,#2 Processor,-,-,15,-,-,-,25,-,-50.0000%,-,-,-,-,-,-,-,10000,10,6,Locked
34464108,40,T Exo (Body),★★★★★,IOP T4 Exoskeleton,-,-,-7.3698,-,28.7434,-,-,-,-,-,-,-,-,-,-,-,10000,10,0,Locked
34464116,234,Chip (Body),★★★★★,#2 Processor,-,-,15,-,-,-,25,-,-50.0000%,-,-,-,-,-,-,-,10000,10,15,Locked
34502158,197,Sp. Eq (Exclusive),★★★★★,Mk31 Multi-functional Exoskeleton,74735244,Suomi,-6.0000,-,47.0000,-,-,-,-,-,-,-,-,-,-,-,30000,10,0,Locked
34539261,229,SLAP (Ammo),★★★★★,Mk1000 SLAP,-,-,-,-,-,-,-5.0000,-,-,500,-,-,-,-,-,-,10000,10,14,Locked
34539262,229,SLAP (Ammo),★★★★★,Mk1000 SLAP,-,-,-,-,-,-,-5.0000,-,-,500,-,-,-,-,-,-,10000,10,13,Locked
34546256,166,Sp. Eq (Exclusive),★★★★★,DO Reflex Sight,-,-,4.7074,7.5132,-,-,-5.1608,-,-,-,-,-,-,-,-,-,1,0,0,Locked
34575530,90,Cape (Body),★★★★★,Thermoptic Camouflage Cape,-,-,-,-,-,-3.0000,-,-,25%,-,-,-,-,-,-,-,10000,10,6,Locked
34575909,175,Sp. Eq (Exclusive),★★★★★,BPR4 & SRM6,-,-,2.142,-,6.7582,-,-,21.7565%,-,-,-,-,-,-,-,-,1,0,0,Locked
34594257,16,PEQ (Night Equip),★★★★★,PEQ-16A,-,-,-,-,-,-,-,-,-,-,-,-,-,-,92.9026%,-,0,0,0,Locked
34665751,16,PEQ (Night Equip),★★★★★,PEQ-16A,-,-,-,-,-,-,-,-,-,-,-,-,-,-,93.9169%,-,0,0,0,Locked
34693229,229,SLAP (Ammo),★★★★★,Mk1000 SLAP,-,-,-,-,-,-,-5.0000,-,-,500,-,-,-,-,-,-,10000,10,8,Locked
34722403,193,Sp. Eq (Exclusive),★★★★★,Tactical Riot Shield,-,-,-,-,2,-,-,-,-,-,11,-,-,-,-,-,30000,10,6,Locked
34724591,58,X Exo (Body),★★★★★,IOP X4 Exoskeleton,-,-,-,-,8.3556,-,-,-,-,-,-,-,-,-,-,-,0,0,0,Locked
34763384,237,Sp. Eq (Exclusive),★★★★★,MkV Mobility Skeleton,74638768,Grizzly,-,-,30,3.0000,-,-,-,-,-,-,-,-,-,-,30000,10,18,Locked
34764301,229,SLAP (Ammo),★★★★★,Mk1000 SLAP,-,-,-,-,-,-,-5.0000,-,-,500,-,-,-,-,-,-,10000,10,16,Locked
34764302,229,SLAP (Ammo),★★★★★,Mk1000 SLAP,-,-,-,-,-,-,-5.0000,-,-,500,-,-,-,-,-,-,10000,10,21,Locked
34778381,16,PEQ (Night Equip),★★★★★,PEQ-16A,-,-,-,-,-,-,-,-,-,-,-,-,-,-,91.9936%,-,0,0,0,Locked
34785635,229,SLAP (Ammo),★★★★★,Mk1000 SLAP,-,-,-,-,-,-,-5.0000,-,-,500,-,-,-,-,-,-,10000,10,16,Locked
34785644,16,PEQ (Night Equip),★★★★★,PEQ-16A,-,-,-,-,-,-,-,-,-,-,-,-,-,-,94.4713%,-,0,0,0,Locked
34794899,229,SLAP (Ammo),★★★★★,Mk1000 SLAP,-,-,-,-,-,-,-5.0000,-,-,500,-,-,-,-,-,-,10000,10,11,Locked
34796699,62,Sp. Eq (Exclusive),★★★★★,GSG UX Exoskeleton,83883279,Gr MP5 Mod,-6,-,58,-,-,-,-,-,-,-,-,-,-,-,30000,10,16,Locked
34797222,62,Sp. Eq (Exclusive),★★★★★,GSG UX Exoskeleton,-,-,-6,-,45,-,-,-,-,-,-,-,-,-,-,-,0,0,36,Locked
34797352,62,Sp. Eq (Exclusive),★★★★★,GSG UX Exoskeleton,-,-,-7.0924,-,39.0870,-,-,-,-,-,-,-,-,-,-,-,0,0,0,Locked
34811895,229,SLAP (Ammo),★★★★★,Mk1000 SLAP,-,-,-,-,-,-,-5.0000,-,-,500,-,-,-,-,-,-,10000,10,13,Locked
34816816,62,Sp. Eq (Exclusive),★★★★★,GSG UX Exoskeleton,-,-,-9.3500,-,35.955,-,-,-,-,-,-,-,-,-,-,-,0,0,0,Locked
34829984,229,SLAP (Ammo),★★★★★,Mk1000 SLAP,-,-,-,-,-,-,-5.0000,-,-,500,-,-,-,-,-,-,10000,10,21,Locked
34832796,165,Sp. Eq (Exclusive),★★★★★,Tactical Earphones,-,-,5.0000,-,11.0932,-,5.0000,-,-,-,-,-,-,-,-,-,0,0,0,Locked
34878051,229,SLAP (Ammo),★★★★★,Mk1000 SLAP,-,-,-,-,-,-,-5.0000,-,-,500,-,-,-,-,-,-,10000,10,14,Locked
34908195,229,SLAP (Ammo),★★★★★,Mk1000 SLAP,-,-,-,-,-,-,-5.0000,-,-,500,-,-,-,-,-,-,10000,10,14,Locked
34908196,229,SLAP (Ammo),★★★★★,Mk1000 SLAP,-,-,-,-,-,-,-5.0000,-,-,500,-,-,-,-,-,-,10000,10,16,Locked
34911325,107,Sp. Eq (Exclusive),★★★★★,Infinite Ammo Box,110480556,MG3,-25.0000,-10.0000,-2.0000,-,-,-,-,-,-,-,-,-,-,30.0000,30000,10,0,Locked
34925369,119,Sp. Eq (Exclusive),★★★★★,FÉLIN System Sight,-,-,3.3931,1.2492,-,-,-,17.8365%,-,-,-,-,-,-,-,-,0,0,0,Locked
34938658,256,Sp. Eq (Exclusive),★★★★★,MICO,96458553,FF M249SAW,-,-,-,-,-,25%,-,-,-,-,-,-,-,6,30000,10,6,Locked
34938663,220,Sp. Eq (Exclusive),★★★★★,Special Steel Buttstock,68386307,M1919A4,-,32,-,-,-,30.0000%,10%,-,-,-,-,-,-,-,30000,10,6,Locked
34938702,162,Sp. Eq (Exclusive),★★★★★,RPD Infantry Webbing,85508725,RPD,6,-,-2,-,-,-,-,-,-,-,-,-,-,5,30000,10,6,Locked
34938723,180,Sp. Eq (Exclusive),★★★★★,Tactical Grip,-,-,-,-,11,-,-,15%,-,-,-,-,-,-,-,-,1,0,6,Locked
34938729,194,Sp. Eq (Exclusive),★★★★★,Tactical Rails,-,-,-,-,11,-,-,15%,-,-,-,-,-,-,-,-,1,0,16,Locked
34938794,181,Sp. Eq (Exclusive),★★★★★,RIP380ACP,-,-,8.0035,-,-,-,-4.0000,-,-,-9.1654,-,-,-,-,-,-,1,0,0,Locked
34938799,219,Sp. Eq (Exclusive),★★★★★,Experimental Curved Barrel,-,-,1.2657,-,8.9839,-,-,-,-,-,-,-,-,-,-,-,1,0,0,Locked
34938805,151,Sp. Eq (Exclusive),★★★★★,20GA Buckshot,-,-,11.1384,1.2674,-,-,-,-,15.0528%,-,-,-,-,-,-,-,1,0,0,Locked
34938808,258,Sp. Eq (Exclusive),★★★★★,7.92mm Anti-Tank Rounds,-,-,4.2914,-,-,-,-,-,-,112.6060,-,-,-,-,-,-,1,0,0,Locked
34938824,208,Sp. Eq (Exclusive),★★★★★,SPP,-,-,-,-,-,-,-,21.0467%,3.4336%,-,-,-,-,-,-,-,1,0,0,Locked
34938829,163,Sp. Eq (Exclusive),★★★★★,MAX10 Upper Receiver,-,-,-,-,10.4516,-,-5.1028,19.8305%,-,-,-,-,-,-,-,-,1,0,0,Locked
34938837,172,Sp. Eq (Exclusive),★★★★★,ART2,-,-,3.1550,-,-,-,-,17.6818%,-,-,-,-,-,-,-,-,1,0,0,Locked
34938851,210,Sp. Eq (Exclusive),★★★★★,SCW Buttstock,-,-,-,-,6.6898,-,-,12.0753%,-,-,-,-,-,-,-,-,1,0,0,Locked
34938871,164,Sp. Eq (Exclusive),★★★★★,M9 BC2 Grips,-,-,-,3.0000,10.764,-,-,12.6423%,-,-,-,-,-,-,-,-,1,0,0,Locked
34977393,176,Sp. Eq (Exclusive),★★★★★,7N31,88545317,GSh-18 Mod,15,-,-,-,3,-,-,35,-,-,-,-,-,-,30000,10,16,Locked
34979820,191,Sp. Eq (Exclusive),★★★★★,ACS-L,-,-,3.7976,-,-,-,-,19.6201%,-,-,-,-,-,-,-,-,1,0,0,Locked
34996456,66,Supp (Silencer),★★★★★,AC4 Suppressor,-,-,-,-,6.8290,-,-,14.1516%,-,-,-,-,-,-,-,-,0,0,0,Locked
35033917,224,RMR (Auxiliary Sight),★★★★★,RMR T4 Red Dot Sight,-,-,-,20,-,-,-,30%,-,-,-,-,-,-,-,-,10000,10,16,Locked
35100191,264,Sp. Eq (Exclusive),★★★★★,PK Exclusive Tripod,-,-,4.3004,3.9734,-,-,-,23.4335%,-,-,-,-,-,-,-,-,1,0,0,Locked
35120525,40,T Exo (Body),★★★★★,IOP T4 Exoskeleton,-,-,-7.8972,-,30.3751,-,-,-,-,-,-,-,-,-,-,-,10000,10,0,Locked
35269369,242,Sp. Eq (Exclusive),★★★★★,7N14,96749231,SVD,4,-,-,-,-,-,-,180,-,-,-,-,-,-,30000,10,16,Locked
35292470,158,Sp. Eq (Exclusive),★★★★★,Acceleration Coil,172086924,Type88 Mod,5,-,-,-,-,50%,-,-,-,-,-,-,-,-,30000,10,26,Locked
35298491,157,Sp. Eq (Exclusive),★★★★★,LED Weapon Light,-,-,6.514,8.6888,10.0000,-,-,-,-,-,-,-,-,-,-,-,1,0,0,Locked
35299245,66,Supp (Silencer),★★★★★,AC4 Suppressor,-,-,-,-,6.3556,-,-,14.286%,-,-,-,-,-,-,-,-,1,0,0,Locked
35319069,90,Cape (Body),★★★★★,Thermoptic Camouflage Cape,-,-,-,-,-,-3.0000,-,-,25%,-,-,-,-,-,-,-,10000,10,4,Locked
35349924,224,RMR (Auxiliary Sight),★★★★★,RMR T4 Red Dot Sight,-,-,-,20,-,-,-,30%,-,-,-,-,-,-,-,-,10000,10,6,Locked
35401416,224,RMR (Auxiliary Sight),★★★★★,RMR T4 Red Dot Sight,-,-,-,20,-,-,-,30%,-,-,-,-,-,-,-,-,10000,10,6,Locked
35401890,137,Sp. Eq (Exclusive),★★★★★,Adelhyde,-,-,-,-,15.000,-,-,-,-,-,-,-,-,-,-,-,1,0,0,Locked
35401891,138,Sp. Eq (Exclusive),★★★★★,Flanergide,-,-,-,-,15.0000,-,-,-,-,-,-,-,-,-,-,-,1,0,0,Locked
35401892,139,Sp. Eq (Exclusive),★★★★★,Adelhyde,-,-,-,-,15.0000,-,-,-,-,-,-,-,-,-,-,-,1,0,0,Locked
35401893,140,Sp. Eq (Exclusive),★★★★★,Bronson Extract,-,-,-,-,15.0000,-,-,-,-,-,-,-,-,-,-,-,1,0,0,Locked
35401894,141,Sp. Eq (Exclusive),★★★★★,Powdered Delta,-,-,-,-,15.0000,-,-,-,-,-,-,-,-,-,-,-,1,0,0,Locked
35401895,142,Sp. Eq (Exclusive),★★★★★,Karmotrine,181318198,Jill Stingray,-,-,15.0000,-,-,-,-,-,-,-,-,-,-,-,1,0,0,Locked
35401896,143,Sp. Eq (Exclusive),★★★★★,Karmotrine,181318198,Jill Stingray,-,-,15.0000,-,-,-,-,-,-,-,-,-,-,-,1,0,0,Locked
35401897,144,Sp. Eq (Exclusive),★★★★★,Karmotrine,181318198,Jill Stingray,-,-,15.0000,-,-,-,-,-,-,-,-,-,-,-,1,0,0,Locked
35422662,58,X Exo (Body),★★★★★,IOP X4 Exoskeleton,-,-,-,-,10.6188,-,-,-,-,-,-,-,-,-,-,-,1,0,0,Locked
35454012,221,Sp. Eq (Exclusive),★★★★★,Magnetic Accelerated Rounds,172085919,Type88 Mod,5,-,-,-,-,-,-,180,-,-,-,-,-,-,30000,10,9,Locked
35454017,221,Sp. Eq (Exclusive),★★★★★,Magnetic Accelerated Rounds,172086924,Type88 Mod,5,-,-,-,-,-,-,180,-,-,-,-,-,-,30000,10,16,Locked
35454023,195,Sp. Eq (Exclusive),★★★★★,.357 Jacketed Hollow Point Rounds,-,-,8.7310,-,-,-,-,-,-,-9.9589,-,-,-,-,-,-,1,0,0,Locked
35454041,153,Sp. Eq (Exclusive),★★★★★,VM59 Heavy Barrel,-,-,-,4.242,-,-,2.8472,21.381%,-,-,-,-,-,-,-,-,1,0,0,Locked
35471943,58,X Exo (Body),★★★★★,IOP X4 Exoskeleton,-,-,-,-,9.0348,-,-,-,-,-,-,-,-,-,-,-,0,0,0,Locked
35511588,157,Sp. Eq (Exclusive),★★★★★,LED Weapon Light,-,-,5.5656,7.9984,10.0000,-,-,-,-,-,-,-,-,-,-,-,1,0,0,Locked
35511593,178,Sp. Eq (Exclusive),★★★★★,12.7mm 1SL,-,-,3.7752,-,-,-,-,-,-,117.7910,-,-,-,-,-,-,1,0,0,Locked
35524486,178,Sp. Eq (Exclusive),★★★★★,12.7mm 1SL,-,-,4.3468,-,-,-,-,-,-,114.5050,-,-,-,-,-,-,1,0,0,Locked
35542045,178,Sp. Eq (Exclusive),★★★★★,12.7mm 1SL,-,-,3.1968,-,-,-,-,-,-,114.9380,-,-,-,-,-,-,1,0,0,Locked
35543715,145,Sp. Eq (Exclusive),★★★★★,Prosthetic Arm,-,-,3.0074,-,-2.8442,-,-,-,-,-,6.8606,-,-,-,-,-,1,0,0,Locked
35543726,147,Sp. Eq (Exclusive),★★★★★,White Knight's Armor,-,-,-,-,17.1805,-,-,-,-,-,-,-,-,-,-,-,1,0,0,Locked
35543734,148,Sp. Eq (Exclusive),★★★★★,Prosthetic Eye,-,-,-,-,-,-3.0000,1.3494,-,16.2170%,-,-,-,-,-,-,-,1,0,0,Locked
35543735,149,Sp. Eq (Exclusive),★★★★★,Cybernetic Hands,-,-,3.0604,-,-2.3453,-,-,-,-,-,-,-,-,-,-,3.5442,1,0,0,Locked
35543738,146,Sp. Eq (Exclusive),★★★★★,MIRD Class-5 Rounds,-,-,13.4043,-,-,-,-,-,-,-9.2941,-,-,-,-,-,-,1,0,0,Locked
35616916,80,Slug (Shell),★★★★★,SABOT Slug,-,-,-,11.1168,-,-,-,-,-,-,-,-,-,-,-,-,0,0,0,Locked
35616932,32,HV (Ammo),★★★★★,APCR High-Velocity Ammo,-,-,10.8216,-,-,-,-,-,-,-,-,-,-,-,-,-,0,0,0,Locked
35616937,80,Slug (Shell),★★★★★,SABOT Slug,-,-,-,9.4612,-,-,-,-,-,-,-,-,-,-,-,-,0,0,0,Locked
35616968,20,AP (Ammo),★★★★★,Mk211 High-Explosive Armor-Piercing Ammo,-,-,-,-,-,-,-,-,-,113.2520,-,-,-,-,-,-,0,0,0,Locked
35616976,235,Flash (Shell),★★★★★,Shotgun Flash Shells,-,-,-,10.3420,-,-,-,-,-,-,-,-,-,-,-,-,0,0,0,Locked
35616987,32,HV (Ammo),★★★★★,APCR High-Velocity Ammo,-,-,8.4752,-,-,-,-,-,-,-,-,-,-,-,-,-,0,0,0,Locked
35617010,227,SNIP (Ammo),★★★★★,M1022 Sniper Rounds,116995169,Gr MG5,10,-,-,-,-,-,-,120,-,-,-,-,-,-,10000,10,16,Locked
35617021,227,SNIP (Ammo),★★★★★,M1022 Sniper Rounds,74734020,PKP,10,-,-,-,-,-,-,120,-,-,-,-,-,-,10000,10,16,Locked
35617069,32,HV (Ammo),★★★★★,APCR High-Velocity Ammo,-,-,8.6444,-,-,-,-,-,-,-,-,-,-,-,-,-,0,0,0,Locked
35617083,16,PEQ (Night Equip),★★★★★,PEQ-16A,-,-,-,-,-,-,-,-,-,-,-,-,-,-,96.9508%,-,0,0,0,Locked
35617100,72,HP (Ammo),★★★★★,ILM Hollow-Point Ammo,-,-,15,-,-,-,-,-,-,-7,-,-,-,-,-,-,10000,10,16,Locked
35617137,16,PEQ (Night Equip),★★★★★,PEQ-16A,-,-,-,-,-,-,-,-,-,-,-,-,-,-,95.2849%,-,0,0,0,Locked
35617230,16,PEQ (Night Equip),★★★★★,PEQ-16A,-,-,-,-,-,-,-,-,-,-,-,-,-,-,92.7487%,-,0,0,0,Locked
35617269,20,AP (Ammo),★★★★★,Mk211 High-Explosive Armor-Piercing Ammo,-,-,-,-,-,-,-,-,-,112.0560,-,-,-,-,-,-,0,0,0,Locked
35617310,66,Supp (Silencer),★★★★★,AC4 Suppressor,-,-,-,-,6.1724,-,-,12.8643%,-,-,-,-,-,-,-,-,0,0,0,Locked
35617323,72,HP (Ammo),★★★★★,ILM Hollow-Point Ammo,-,-,15,-,-,-,-,-,-,-7,-,-,-,-,-,-,10000,10,16,Locked
35617339,235,Flash (Shell),★★★★★,Shotgun Flash Shells,-,-,-,9.8376,-,-,-,-,-,-,-,-,-,-,-,-,0,0,0,Locked
35620460,224,RMR (Auxiliary Sight),★★★★★,RMR T4 Red Dot Sight,-,-,-,20,-,-,-,30%,-,-,-,-,-,-,-,-,10000,10,6,Locked
35634510,16,PEQ (Night Equip),★★★★★,PEQ-16A,-,-,-,-,-,-,-,-,-,-,-,-,-,-,94.0357%,-,0,0,0,Locked
35634511,76,Buck (Shell),★★★★★,#000 Buckshot,-,-,8.491,-,-,-,-,-,11.7980%,-,-,-,-,-,-,-,0,0,0,Locked
35637197,20,AP (Ammo),★★★★★,Mk211 High-Explosive Armor-Piercing Ammo,-,-,-,-,-,-,-,-,-,119.8090,-,-,-,-,-,-,0,0,0,Locked
35637645,58,X Exo (Body),★★★★★,IOP X4 Exoskeleton,-,-,-,-,8.0276,-,-,-,-,-,-,-,-,-,-,-,0,0,0,Locked
35637697,44,Plate (Body),★★★★★,Type 3 Armor Plate,-,-,-,-,-2.7011,-,-,-,-,-,6.7278,-,-,-,-,-,0,0,0,Locked
35637709,227,SNIP (Ammo),★★★★★,M1022 Sniper Rounds,-,-,10,-,-,-,-,-,-,120,-,-,-,-,-,-,10000,10,16,Locked
35639019,16,PEQ (Night Equip),★★★★★,PEQ-16A,-,-,-,-,-,-,-,-,-,-,-,-,-,-,93.2689%,-,0,0,0,Locked
35640070,224,RMR (Auxiliary Sight),★★★★★,RMR T4 Red Dot Sight,-,-,-,20,-,-,-,30%,-,-,-,-,-,-,-,-,10000,10,6,Locked
35640560,229,SLAP (Ammo),★★★★★,Mk1000 SLAP,-,-,-,-,-,-,-5.0000,-,-,500,-,-,-,-,-,-,10000,10,6,Locked
35642614,58,X Exo (Body),★★★★★,IOP X4 Exoskeleton,-,-,-,-,10.2396,-,-,-,-,-,-,-,-,-,-,-,0,0,0,Locked
35642864,68,Box (MG Clip),★★★★★,IOP Maximum Ammo Box,-,-,-,-,-2.4825,-,-,-,-,-,-,-,-,-,-,4.3164,10000,10,0,Locked
35643739,227,SNIP (Ammo),★★★★★,M1022 Sniper Rounds,-,-,10,-,-,-,-,-,-,120,-,-,-,-,-,-,10000,10,16,Locked
35644209,32,HV (Ammo),★★★★★,APCR High-Velocity Ammo,-,-,9.5340,-,-,-,-,-,-,-,-,-,-,-,-,-,0,0,0,Locked
35644491,76,Buck (Shell),★★★★★,#000 Buckshot,-,-,8.2753,-,-,-,-,-,11.7755%,-,-,-,-,-,-,-,0,0,0,Locked
35645171,72,HP (Ammo),★★★★★,ILM Hollow-Point Ammo,-,-,15,-,-,-,-,-,-,-7,-,-,-,-,-,-,10000,10,6,Locked
35646086,68,Box (MG Clip),★★★★★,IOP Maximum Ammo Box,-,-,-,-,-2.5791,-,-,-,-,-,-,-,-,-,-,3.0050,10000,10,0,Locked
35649657,66,Supp (Silencer),★★★★★,AC4 Suppressor,-,-,-,-,6.7578,-,-,13.7817%,-,-,-,-,-,-,-,-,0,0,0,Locked
35650043,76,Buck (Shell),★★★★★,#000 Buckshot,-,-,9.0781,-,-,-,-,-,12.440%,-,-,-,-,-,-,-,0,0,0,Locked
35651560,229,SLAP (Ammo),★★★★★,Mk1000 SLAP,-,-,-,-,-,-,-5.0000,-,-,500,-,-,-,-,-,-,10000,10,10,Locked
35652472,20,AP (Ammo),★★★★★,Mk211 High-Explosive Armor-Piercing Ammo,-,-,-,-,-,-,-,-,-,110.9610,-,-,-,-,-,-,0,0,0,Locked
35652671,20,AP (Ammo),★★★★★,Mk211 High-Explosive Armor-Piercing Ammo,-,-,-,-,-,-,-,-,-,114.0120,-,-,-,-,-,-,0,0,0,Locked
35653594,229,SLAP (Ammo),★★★★★,Mk1000 SLAP,-,-,-,-,-,-,-5.0000,-,-,500,-,-,-,-,-,-,10000,10,21,Locked
35655036,227,SNIP (Ammo),★★★★★,M1022 Sniper Rounds,-,-,10,-,-,-,-,-,-,120,-,-,-,-,-,-,10000,10,26,Locked
35655655,80,Slug (Shell),★★★★★,SABOT Slug,-,-,-,9.1068,-,-,-,-,-,-,-,-,-,-,-,-,0,0,0,Locked
35656480,58,X Exo (Body),★★★★★,IOP X4 Exoskeleton,-,-,-,-,8.7528,-,-,-,-,-,-,-,-,-,-,-,0,0,0,Locked
35656615,32,HV (Ammo),★★★★★,APCR High-Velocity Ammo,-,-,10.1328,-,-,-,-,-,-,-,-,-,-,-,-,-,0,0,0,Locked
35656829,58,X Exo (Body),★★★★★,IOP X4 Exoskeleton,-,-,-,-,9.1212,-,-,-,-,-,-,-,-,-,-,-,0,0,0,Locked
35656955,32,HV (Ammo),★★★★★,APCR High-Velocity Ammo,-,-,9.0852,-,-,-,-,-,-,-,-,-,-,-,-,-,0,0,0,Locked
35658482,16,PEQ (Night Equip),★★★★★,PEQ-16A,-,-,-,-,-,-,-,-,-,-,-,-,-,-,95.3812%,-,0,0,0,Locked
35658636,68,Box (MG Clip),★★★★★,IOP Maximum Ammo Box,-,-,-,-,-2.6773,-,-,-,-,-,-,-,-,-,-,4.222,10000,10,0,Locked
35666801,76,Buck (Shell),★★★★★,#000 Buckshot,-,-,9.1333,-,-,-,-,-,12.9415%,-,-,-,-,-,-,-,0,0,0,Locked
35666803,76,Buck (Shell),★★★★★,#000 Buckshot,-,-,7.5148,-,-,-,-,-,11.0725%,-,-,-,-,-,-,-,0,0,0,Locked
35666806,66,Supp (Silencer),★★★★★,AC4 Suppressor,-,-,-,-,6.6338,-,-,14.1063%,-,-,-,-,-,-,-,-,0,0,0,Locked
35668407,32,HV (Ammo),★★★★★,APCR High-Velocity Ammo,-,-,8.88,-,-,-,-,-,-,-,-,-,-,-,-,-,0,0,0,Locked
35668410,225,Flare (Ammo),★★★★★,Signal Flare,-,-,-,-,-,-,-3.3108,-,-,-,-,-,-,-,-,-,0,0,0,Locked
35669258,225,Flare (Ammo),★★★★★,Signal Flare,-,-,-,-,-,-,-3.684,-,-,-,-,-,-,-,-,-,0,0,0,Locked
35669271,225,Flare (Ammo),★★★★★,Signal Flare,-,-,-,-,-,-,-3.2272,-,-,-,-,-,-,-,-,-,0,0,0,Locked
35672034,40,T Exo (Body),★★★★★,IOP T4 Exoskeleton,-,-,-7.0902,-,30.8861,-,-,-,-,-,-,-,-,-,-,-,10000,10,0,Locked
35674038,68,Box (MG Clip),★★★★★,IOP Maximum Ammo Box,-,-,-,-,-2.3004,-,-,-,-,-,-,-,-,-,-,3.8872,10000,10,0,Locked
35675857,20,AP (Ammo),★★★★★,Mk211 High-Explosive Armor-Piercing Ammo,-,-,-,-,-,-,-,-,-,111.520,-,-,-,-,-,-,0,0,0,Locked
35676077,229,SLAP (Ammo),★★★★★,Mk1000 SLAP,-,-,-,-,-,-,-5.000,-,-,500,-,-,-,-,-,-,10000,10,13,Locked
35677024,231,Birdshot (Shell),★★★★★,#7.5 Birdshot,-,-,-,-,-,-,7.0946,-,-18.250%,-,-,-,-,-,-,-,0,0,0,Locked
35677131,16,PEQ (Night Equip),★★★★★,PEQ-16A,-,-,-,-,-,-,-,-,-,-,-,-,-,-,95.6521%,-,0,0,0,Locked
35677201,20,AP (Ammo),★★★★★,Mk211 High-Explosive Armor-Piercing Ammo,-,-,-,-,-,-,-,-,-,114.9690,-,-,-,-,-,-,0,0,0,Locked
35679468,32,HV (Ammo),★★★★★,APCR High-Velocity Ammo,-,-,8.804,-,-,-,-,-,-,-,-,-,-,-,-,-,0,0,0,Locked
35681477,227,SNIP (Ammo),★★★★★,M1022 Sniper Rounds,-,-,10,-,-,-,-,-,-,120,-,-,-,-,-,-,10000,10,36,Locked
35683172,235,Flash (Shell),★★★★★,Shotgun Flash Shells,-,-,-,9.508,-,-,-,-,-,-,-,-,-,-,-,-,0,0,0,Locked
35684091,32,HV (Ammo),★★★★★,APCR High-Velocity Ammo,-,-,8.8732,-,-,-,-,-,-,-,-,-,-,-,-,-,0,0,0,Locked
35684459,44,Plate (Body),★★★★★,Type 3 Armor Plate,-,-,-,-,-2.5479,-,-,-,-,-,6.8372,-,-,-,-,-,0,0,0,Locked
35684792,31,HV (Ammo),★★★★,JHP High-Velocity Ammo,-,-,6.7932,-,-,-,-,-,-,-,-,-,-,-,-,-,0,0,0,Locked
35685661,224,RMR (Auxiliary Sight),★★★★★,RMR T4 Red Dot Sight,-,-,-,20,-,-,-,30%,-,-,-,-,-,-,-,-,10000,10,8,Locked
35685664,68,Box (MG Clip),★★★★★,IOP Maximum Ammo Box,-,-,-,-,-2.6353,-,-,-,-,-,-,-,-,-,-,3.8006,10000,10,0,Locked
35718187,16,PEQ (Night Equip),★★★★★,PEQ-16A,-,-,-,-,-,-,-,-,-,-,-,-,-,-,93.1195%,-,0,0,0,Locked
35722120,177,Sp. Eq (Exclusive),★★★★★,MGP Upgrade Kit,181029693,M500 Mod,-,11.5812,-,-,-3.5116,-,12.5481%,-,-,-,-,-,-,-,1,0,0,Locked
35733855,66,Supp (Silencer),★★★★★,AC4 Suppressor,-,-,-,-,6.3446,-,-,13.3776%,-,-,-,-,-,-,-,-,0,0,0,Locked
35830858,235,Flash (Shell),★★★★★,Shotgun Flash Shells,-,-,-,8.6700,-,-,-,-,-,-,-,-,-,-,-,-,1,0,0,Locked
35832144,246,Sp. Eq (Exclusive),★★★★★,RBL Grip,-,-,-,-,8.0704,-,-,13.2987%,-,-,-,-,-,-,-,-,1,0,0,Locked
35965647,227,SNIP (Ammo),★★★★★,M1022 Sniper Rounds,-,-,10,-,-,-,-,-,-,120,-,-,-,-,-,-,10000,10,15,Locked
35979486,245,Sp. Eq (Exclusive),★★★★★,ZEVT Trigger Unit,-,-,-,10.8632,6.5596,-,-,14.0262%,-,-,-,-,-,-,-,-,1,0,0,Locked
35979491,173,Sp. Eq (Exclusive),★★★★★,9x39mm SPP,-,-,10.8488,-,-,-,-,-,7.1592%,-,-,-,-,-,-,-,1,0,0,Locked
35979498,244,Sp. Eq (Exclusive),★★★★★,Exclusive Tactical Flashlight,-,-,4.7772,6.4608,7.1638,-,-,-,-,-,-,-,-,-,-,-,1,0,0,Locked
35979501,257,Sp. Eq (Exclusive),★★★★★,EKP-8-18,-,-,-,14.5084,-,-,-,18.8534%,-,-,-,-,-,-,-,-,1,0,0,Locked
35979513,243,Sp. Eq (Exclusive),★★★★★,Exclusive Optical Sight,-,-,2.916,-,-,-,-,22.7981%,-,-,-,-,-,-,-,-,1,0,0,Locked
36028469,227,SNIP (Ammo),★★★★★,M1022 Sniper Rounds,-,-,10,-,-,-,-,-,-,120,-,-,-,-,-,-,10000,10,16,Locked
36096837,182,Sp. Eq (Exclusive),★★★★★,S&B762,-,-,12.9465,-,-,-,-4.0000,-,-,-,-,-,-,-,-,-,1,0,0,Locked
36151195,250,Sp. Eq (Exclusive),★★★★★,MkQ Light Exoskeleton,89677882,Honey Badger,15,-,35,-,-,-,-,-,-,-,-,-,-,-,30000,10,10,Locked
36194551,150,Sp. Eq (Exclusive),★★★★★,ZFG42,-,-,-,13.0552,-,-,-3.4051,20.0000%,-,-,-,-,-,-,-,-,1,0,0,Locked
36194554,152,Sp. Eq (Exclusive),★★★★★,SIG-510 Fire Selector,-,-,4.1244,1.415,-,-,-,18.3773%,-,-,-,-,-,-,-,-,1,0,0,Locked
36194556,154,Sp. Eq (Exclusive),★★★★★,OSS Suppressor,-,-,3.4639,-,12.0508,-,-,16.935%,-,-,-,-,-,-,-,-,1,0,0,Locked
36194562,196,Sp. Eq (Exclusive),★★★★★,Tactical Folding Stock,-,-,1.4153,-,9.0427,-,-,-,-,-,-,-,-,-,-,-,1,0,0,Locked
36194563,209,Sp. Eq (Exclusive),★★★★★,Triangular Bayonet,-,-,3.2078,-,-,-,-,19.1042%,-,-,-,-,-,-,-,-,1,0,0,Locked
36195394,248,Sp. Eq (Exclusive),★★★★★,9A High-Performance Chip,69396809,9A-91,15,-,-,-,25,-,-,-,-,-,-,-,-,-,30000,10,6,Locked
36196981,227,SNIP (Ammo),★★★★★,M1022 Sniper Rounds,-,-,10,-,-,-,-,-,-,120,-,-,-,-,-,-,10000,10,26,Locked
36213876,72,HP (Ammo),★★★★★,ILM Hollow-Point Ammo,-,-,15,-,-,-,-,-,-,-7,-,-,-,-,-,-,10000,10,16,Locked
36230577,49,PEQ (Night Equip),★★★★★,16Lab Infrared Designator,-,-,-,-,-,-,-,-,-,-,-,-,-,-,100.000%,-,1,0,0,Locked
36250611,109,Optical,★★★★★,16Lab 6-24X56,-,-,-,-,-,-,-,48.000%,-,-,-,-,-,-,-,-,10000,10,0,Locked
36286473,110,HV (Ammo),★★★★★,16Lab High-Velocity Ammo,-,-,20.0000,-,-,-,-,-,-,-,-,-,-,-,-,-,10000,10,0,Locked
36342124,72,HP (Ammo),★★★★★,ILM Hollow-Point Ammo,-,-,15,-,-,-,-,-,-,-7,-,-,-,-,-,-,10000,10,16,Locked
36384678,111,Sp. Eq (Exclusive),★★★★★,K6-24X56,-,-,-,2.3689,-,-,-,20.1217%,-,-,-,-,-,-,-,-,1,0,0,Locked
36384889,111,Sp. Eq (Exclusive),★★★★★,K6-24X56,168663426,Mosin-Nagant Mod,-,2.3644,-,-,-,20.7587%,-,-,-,-,-,-,-,-,1,0,0,Locked
36385057,112,Sp. Eq (Exclusive),★★★★★,CT 4X20,168733767,M1918 Mod,-,12.6936,-,-,-2.1643,15.0000%,-,-,-,-,-,-,-,-,1,0,0,Locked
36385339,156,Sp. Eq (Exclusive),★★★★★,AMP COMPSP,-,-,5.3894,7.0892,10.0000,-,-,-,-,-,-,-,-,-,-,-,1,0,0,Locked
36385445,66,Supp (Silencer),★★★★★,AC4 Suppressor,-,-,-,-,6.882,-,-,13.6557%,-,-,-,-,-,-,-,-,1,0,0,Locked
36385795,156,Sp. Eq (Exclusive),★★★★★,AMP COMPSP,-,-,6.2908,8.6956,10.0000,-,-,-,-,-,-,-,-,-,-,-,1,0,0,Locked
36385954,156,Sp. Eq (Exclusive),★★★★★,AMP COMPSP,-,-,5.7716,6.4332,10.0000,-,-,-,-,-,-,-,-,-,-,-,1,0,0,Locked
36386144,156,Sp. Eq (Exclusive),★★★★★,AMP COMPSP,170582983,UMP9 Mod,5.9564,7.9688,10.0000,-,-,-,-,-,-,-,-,-,-,-,1,0,0,Locked
36386621,156,Sp. Eq (Exclusive),★★★★★,AMP COMPSP,174004825,UMP9 Mod,5.7246,6.8448,10.0000,-,-,-,-,-,-,-,-,-,-,-,1,0,0,Locked
36386786,207,Sp. Eq (Exclusive),★★★★★,PT-3 Stock,-,-,4,-,20,-,-,-,-,-,-,-,-,-,-,-,30000,10,6,Locked
36388869,112,Sp. Eq (Exclusive),★★★★★,CT 4X20,178022424,M1918 Mod,-,12.0564,-,-,-3.5383,15.0000%,-,-,-,-,-,-,-,-,1,0,0,Locked
36432726,225,Flare (Ammo),★★★★★,Signal Flare,-,-,-,-,-,-,-4.956,-,-,-,-,-,-,-,-,-,0,0,0,Locked
36468231,72,HP (Ammo),★★★★★,ILM Hollow-Point Ammo,-,-,15,-,-,-,-,-,-,-7,-,-,-,-,-,-,10000,10,6,Locked
36468403,247,Sp. Eq (Exclusive),★★★★★,Hydraulic Recoil Mitigation System,-,-,-,-,-,-,-,22.0660%,9.0002%,-,-,-,-,-,-,-,1,0,0,Locked
36626206,270,Sp. Eq (Exclusive),★★★★★,OMEGA Rail,-,-,1.3044,11.2144,-,-,-,13.0834%,-,-,-,-,-,-,-,-,1,0,0,Locked
36724509,225,Flare (Ammo),★★★★★,Signal Flare,-,-,-,-,-,-,-3.3488,-,-,-,-,-,-,-,-,-,0,0,0,Locked
36782866,225,Flare (Ammo),★★★★★,Signal Flare,-,-,-,-,-,-,-3.3924,-,-,-,-,-,-,-,-,-,0,0,0,Locked
36809734,213,Sp. Eq (Exclusive),★★★★★,Special Ops Bag,76152445,Welrod MkⅡ Mod,-,-,25,-,-,-,-,-,5,-,-,-,-,-,30000,10,9,Locked
36809736,212,Sp. Eq (Exclusive),★★★★★,Custom Tracer Rounds,88989894,Type56R Mod,10,-,-,-,-,-,-,180,-,-,-,-,-,-,30000,10,16,Locked
36821360,217,Sp. Eq (Exclusive),★★★★★,SB 2.5-10x56,-,-,3.000,-,-,-,-,25.0000%,-,-,-,-,-,-,-,-,1,0,0,Locked
36874592,215,Sp. Eq (Exclusive),★★★★★,Custom API Rounds,-,-,3.668,-,-,-,-,-,-,111.5870,-,-,-,-,-,-,1,0,0,Locked
36915692,214,Sp. Eq (Exclusive),★★★★★,Survival Expert,-,-,4.3184,-,24.7815,-,-,-,-,-,-,-,-,-,-,-,1,0,0,Locked
36998581,225,Flare (Ammo),★★★★★,Signal Flare,-,-,-,-,-,-,-3.4476,-,-,-,-,-,-,-,-,-,0,0,0,Locked
36998582,225,Flare (Ammo),★★★★★,Signal Flare,-,-,-,-,-,-,-3.20,-,-,-,-,-,-,-,-,-,0,0,0,Locked
37014085,103,Sp. Eq (Exclusive),★★★★★,Type 64 Exclusive Suppressor,-,-,-,-,8.2802,-,-,12.8859%,-,-,-,-,-,-,-,-,1,0,0,Locked
37014088,102,Sp. Eq (Exclusive),★★★★★,Performance+ Cartridge,-,-,-8.5384,-,22.6405,-,1.3255,-,-,-,-,-,-,-,-,-,1,0,0,Locked
37014096,103,Sp. Eq (Exclusive),★★★★★,Type 64 Exclusive Suppressor,180325786,Type64 Mod,-,-,9.0122,-,-,12.6621%,-,-,-,-,-,-,-,-,1,0,0,Locked
37014300,102,Sp. Eq (Exclusive),★★★★★,Performance+ Cartridge,-,-,-6.0856,-,23.6215,-,1.9406,-,-,-,-,-,-,-,-,-,1,0,0,Locked
37014455,103,Sp. Eq (Exclusive),★★★★★,Type 64 Exclusive Suppressor,180326811,Type64 Mod,-,-,9.6161,-,-,12.252%,-,-,-,-,-,-,-,-,1,0,0,Locked
37014544,102,Sp. Eq (Exclusive),★★★★★,Performance+ Cartridge,180326308,IDW Mod,-9.8928,-,22.7665,-,1.7873,-,-,-,-,-,-,-,-,-,1,0,0,Locked
37014693,131,Sp. Eq (Exclusive),★★★★★,MGO 6X48,-,-,1.000,15.0312,-,-,-,15.0000%,-,-,-,-,-,-,-,-,1,0,0,Locked
37014827,104,Sp. Eq (Exclusive),★★★★★,Fire Selector,180733455,FF FN49 Mod,-,-,-,-,2.4378,19.422%,-,-,-,-,-,-,-,-,1,0,0,Locked
37015052,131,Sp. Eq (Exclusive),★★★★★,MGO 6X48,180733253,LWMMG Mod,1.0000,15.8516,-,-,-,15.0000%,-,-,-,-,-,-,-,-,1,0,0,Locked
37018547,104,Sp. Eq (Exclusive),★★★★★,Fire Selector,-,-,-,-,-,-,2.2001,18.2509%,-,-,-,-,-,-,-,-,1,0,0,Locked
37018654,131,Sp. Eq (Exclusive),★★★★★,MGO 6X48,180726437,LWMMG Mod,1.0000,14.7472,-,-,-,15.0000%,-,-,-,-,-,-,-,-,1,0,0,Locked
37035790,276,Sp. Eq (Exclusive),★★★★★,M13 Receiver,-,-,-,-,8.0836,-,-,12.0513%,-,-,-,-,-,-,-,-,1,0,0,Locked
37154143,130,Sp. Eq (Exclusive),★★★★★,Gr G36 Hybrid Sight,-,-,-,3.3902,-,-,-,21.7845%,-,-,-,-,-,-,-,-,1,0,0,Locked
37154145,130,Sp. Eq (Exclusive),★★★★★,Gr G36 Hybrid Sight,-,-,-,3.2189,-,-,-,23.4176%,-,-,-,-,-,-,-,-,1,0,0,Locked
37238526,288,Sp. Eq (Exclusive),★★★★★,CS Red Dot Sight,-,-,3.0852,17.8360,-,-,-4.000,-,-,-,-,-,-,-,-,-,1,0,0,Locked
37252836,225,Flare (Ammo),★★★★★,Signal Flare,-,-,-,-,-,-,-4.6684,-,-,-,-,-,-,-,-,-,0,0,0,Locked
37402132,225,Flare (Ammo),★★★★★,Signal Flare,-,-,-,-,-,-,-2.6632,-,-,-,-,-,-,-,-,-,0,0,0,Locked
37411320,283,Sp. Eq (Exclusive),★★★★★,Barrett QDL,-,-,3.9692,-,-,-,-,17.8841%,-,-,-,-,-,-,-,-,1,0,0,Locked
37431252,135,Sp. Eq (Exclusive),★★★★★,SP6 Subsonic Ammo,161074619,AS Val Mod,10.9164,-,-,-,-,-,-,-,-,-,-,-,-,-,1,0,0,Locked
37434631,72,HP (Ammo),★★★★★,ILM Hollow-Point Ammo,-,-,11.7690,-,-,-,-,-,-,-8.224,-,-,-,-,-,-,10000,10,0,Locked
37434633,225,Flare (Ammo),★★★★★,Signal Flare,-,-,-,-,-,-,-4.8224,-,-,-,-,-,-,-,-,-,0,0,0,Locked
37441023,233,Chip (Body),★★★★,#1 Processor,-,-,4.8038,-,-,-,8.9764,-,-50.0000%,-,-,-,-,-,-,-,0,0,0,
37441025,38,T Exo (Body),★★★,IOP T2 Exoskeleton,-,-,-3.9972,-,10.8074,-,-,-,-,-,-,-,-,-,-,-,0,0,0,
37450731,42,Plate (Body),★★★,Type 1 Armor Plate,-,-,-,-,-1.0000,-,-,-,-,-,3.0000,-,-,-,-,-,0,0,0,
37450734,56,X Exo (Body),★★★,IOP X2 Exoskeleton,-,-,-,-,4.3034,-,-,-,-,-,-,-,-,-,-,-,0,0,0,
37450735,38,T Exo (Body),★★★,IOP T2 Exoskeleton,-,-,-3.5961,-,10.7986,-,-,-,-,-,-,-,-,-,-,-,0,0,0,
37450803,15,PEQ (Night Equip),★★★★,PEQ-15,-,-,-,-,-,-,-,-,-,-,-,-,-,-,78.4408%,-,0,0,0,
37455722,43,Plate (Body),★★★★,Type 2 Armor Plate,-,-,-,-,-1.0000,-,-,-,-,-,4.4186,-,-,-,-,-,0,0,0,
37455723,11,Red Dot,★★★★,COG M150,-,-,-,7.3453,-,-,-2.0854,-,-,-,-,-,-,-,-,-,0,0,0,
37461441,42,Plate (Body),★★★,Type 1 Armor Plate,-,-,-,-,-1.0000,-,-,-,-,-,3.0000,-,-,-,-,-,0,0,0,
37461442,15,PEQ (Night Equip),★★★★,PEQ-15,-,-,-,-,-,-,-,-,-,-,-,-,-,-,79.7134%,-,0,0,0,
37468110,71,HP (Ammo),★★★★,ILM Hollow-Point Ammo,-,-,4.8926,-,-,-,-,-,-,-5.3288,-,-,-,-,-,-,0,0,0,
37472302,42,Plate (Body),★★★,Type 1 Armor Plate,-,-,-,-,-1.000,-,-,-,-,-,3.0000,-,-,-,-,-,0,0,0,
37472304,38,T Exo (Body),★★★,IOP T2 Exoskeleton,-,-,-3.5234,-,10.3756,-,-,-,-,-,-,-,-,-,-,-,0,0,0,
37472310,43,Plate (Body),★★★★,Type 2 Armor Plate,-,-,-,-,-1.000,-,-,-,-,-,4.2337,-,-,-,-,-,0,0,0,
37478124,225,Flare (Ammo),★★★★★,Signal Flare,-,-,-,-,-,-,-4.3816,-,-,-,-,-,-,-,-,-,0,0,0,Locked
37488479,71,HP (Ammo),★★★★,ILM Hollow-Point Ammo,-,-,5.6826,-,-,-,-,-,-,-5.794,-,-,-,-,-,-,0,0,0,
37493310,19,AP (Ammo),★★★★,Mk169 Armor-Piercing Ammo,-,-,-,-,-,-,-,-,-,94.7120,-,-,-,-,-,-,1,0,0,
37502507,105,Sp. Eq (Exclusive),★★★★★,PM 5-25X56,-,-,-,-,-,-,-,24.0000%,10.0000%,-,-,-,-,-,-,-,1,0,0,Locked
37502991,15,PEQ (Night Equip),★★★★,PEQ-15,-,-,-,-,-,-,-,-,-,-,-,-,-,-,77.5363%,-,1,0,0,
37507478,71,HP (Ammo),★★★★,ILM Hollow-Point Ammo,-,-,4.7266,-,-,-,-,-,-,-5.6290,-,-,-,-,-,-,0,0,0,
37516780,11,Red Dot,★★★★,COG M150,-,-,-,8.3515,-,-,-2.3892,-,-,-,-,-,-,-,-,-,0,0,0,
37530898,42,Plate (Body),★★★,Type 1 Armor Plate,-,-,-,-,-1.000,-,-,-,-,-,3.0000,-,-,-,-,-,0,0,0,
37530900,88,Cape (Body),★★★,Camouflage Cape,-,-,-,-,-,-3.0000,-,-,5.2518%,-,-,-,-,-,-,-,0,0,0,
37535705,72,HP (Ammo),★★★★★,ILM Hollow-Point Ammo,-,-,12.2795,-,-,-,-,-,-,-8.4271,-,-,-,-,-,-,10000,10,0,Locked
37535708,71,HP (Ammo),★★★★,ILM Hollow-Point Ammo,-,-,4.9598,-,-,-,-,-,-,-5.296,-,-,-,-,-,-,0,0,0,
37535710,88,Cape (Body),★★★,Camouflage Cape,-,-,-,-,-,-3.0000,-,-,5.4376%,-,-,-,-,-,-,-,0,0,0,
37535711,42,Plate (Body),★★★,Type 1 Armor Plate,-,-,-,-,-1.0000,-,-,-,-,-,3.0000,-,-,-,-,-,0,0,0,
37535712,42,Plate (Body),★★★,Type 1 Armor Plate,-,-,-,-,-1.000,-,-,-,-,-,3.0000,-,-,-,-,-,0,0,0,
37535713,43,Plate (Body),★★★★,Type 2 Armor Plate,-,-,-,-,-1.0000,-,-,-,-,-,4.2919,-,-,-,-,-,0,0,0,
37535714,56,X Exo (Body),★★★,IOP X2 Exoskeleton,-,-,-,-,4.132,-,-,-,-,-,-,-,-,-,-,-,0,0,0,
37535715,233,Chip (Body),★★★★,#1 Processor,-,-,4.0788,-,-,-,8.4058,-,-50.000%,-,-,-,-,-,-,-,0,0,0,
37535717,57,X Exo (Body),★★★★,IOP X3 Exoskeleton,-,-,-,-,6.2122,-,-,-,-,-,-,-,-,-,-,-,0,0,0,
37551828,71,HP (Ammo),★★★★,ILM Hollow-Point Ammo,-,-,4.310,-,-,-,-,-,-,-4.3652,-,-,-,-,-,-,0,0,0,
37557054,72,HP (Ammo),★★★★★,ILM Hollow-Point Ammo,-,-,11.4365,-,-,-,-,-,-,-8.9527,-,-,-,-,-,-,10000,10,0,Locked
37567916,71,HP (Ammo),★★★★,ILM Hollow-Point Ammo,-,-,4.9686,-,-,-,-,-,-,-5.4572,-,-,-,-,-,-,0,0,0,
37568125,89,Cape (Body),★★★★,Urban Camouflage Cape,-,-,-,-,-,-3.0000,-,-,8.7362%,-,-,-,-,-,-,-,1,0,0,
37576919,71,HP (Ammo),★★★★,ILM Hollow-Point Ammo,-,-,5.0076,-,-,-,-,-,-,-4.5752,-,-,-,-,-,-,0,0,0,
37586862,88,Cape (Body),★★★,Camouflage Cape,-,-,-,-,-,-3.0000,-,-,6.2794%,-,-,-,-,-,-,-,0,0,0,
37586864,89,Cape (Body),★★★★,Urban Camouflage Cape,-,-,-,-,-,-3.0000,-,-,8.970%,-,-,-,-,-,-,-,0,0,0,
37591733,79,Slug (Shell),★★★★,WAD Slug,-,-,-,5.4454,-,-,-,-,-,-,-,-,-,-,-,-,1,0,0,
37601297,11,Red Dot,★★★★,COG M150,-,-,-,8.1175,-,-,-2.6128,-,-,-,-,-,-,-,-,-,0,0,0,
37605653,71,HP (Ammo),★★★★,ILM Hollow-Point Ammo,-,-,5.1226,-,-,-,-,-,-,-4.2388,-,-,-,-,-,-,0,0,0,
37605659,38,T Exo (Body),★★★,IOP T2 Exoskeleton,-,-,-3.6191,-,10.4604,-,-,-,-,-,-,-,-,-,-,-,0,0,0,
37605660,3,Optical,★★★★,PSO-1,-,-,-,-,-,-,-,15.2041%,-,-,-,-,-,-,-,-,0,0,0,
37605663,15,PEQ (Night Equip),★★★★,PEQ-15,-,-,-,-,-,-,-,-,-,-,-,-,-,-,80.9005%,-,0,0,0,
37605666,15,PEQ (Night Equip),★★★★,PEQ-15,-,-,-,-,-,-,-,-,-,-,-,-,-,-,81.778%,-,0,0,0,
37612174,42,Plate (Body),★★★,Type 1 Armor Plate,-,-,-,-,-1.0000,-,-,-,-,-,3.000,-,-,-,-,-,0,0,0,
37612175,7,EOT (Holographic),★★★★,EOT 516,-,-,2.5721,3.8932,-,-,-3.941,-,-,-,-,-,-,-,-,-,0,0,0,
37623621,70,HP (Ammo),★★★,ILM Hollow-Point Ammo,-,-,2.4786,-,-,-,-,-,-,-2.526,-,-,-,-,-,-,0,0,0,
37623624,71,HP (Ammo),★★★★,ILM Hollow-Point Ammo,-,-,5.3822,-,-,-,-,-,-,-5.8036,-,-,-,-,-,-,0,0,0,
37633053,70,HP (Ammo),★★★,ILM Hollow-Point Ammo,-,-,2.5384,-,-,-,-,-,-,-2.7955,-,-,-,-,-,-,0,0,0,
37633055,70,HP (Ammo),★★★,ILM Hollow-Point Ammo,-,-,2.0924,-,-,-,-,-,-,-2.3116,-,-,-,-,-,-,0,0,0,
37633056,70,HP (Ammo),★★★,ILM Hollow-Point Ammo,-,-,2.1262,-,-,-,-,-,-,-2.4619,-,-,-,-,-,-,0,0,0,
37636529,17,AP (Ammo),★★,M61 Armor-Piercing Ammo,-,-,-,-,-,-,-,-,-,48.4830,-,-,-,-,-,-,0,0,0,
37636530,13,PEQ (Night Equip),★★,PEQ-2,-,-,-,-,-,-,-,-,-,-,-,-,-,-,54.2580%,-,0,0,0,
37636531,9,Red Dot,★★,AMP COMPM2,-,-,-,2.2509,-,-,-1.0000,-,-,-,-,-,-,-,-,-,0,0,0,
37637742,70,HP (Ammo),★★★,ILM Hollow-Point Ammo,-,-,2.2838,-,-,-,-,-,-,-2.6924,-,-,-,-,-,-,0,0,0,
37637743,72,HP (Ammo),★★★★★,ILM Hollow-Point Ammo,-,-,8.3062,-,-,-,-,-,-,-8.884,-,-,-,-,-,-,0,0,0,Locked
37637744,69,HP (Ammo),★★,ILM Hollow-Point Ammo,-,-,1.0000,-,-,-,-,-,-,-1.0000,-,-,-,-,-,-,0,0,0,
37637745,69,HP (Ammo),★★,ILM Hollow-Point Ammo,-,-,1.0000,-,-,-,-,-,-,-1.00,-,-,-,-,-,-,0,0,0,
