ID,No.,Rarity,Name,Size,Level,Total Exp,Current Exp,Required Exp,Link,Development,Analysis,Max HP,HP,Skill1,Skill2,Skill3,Skill4,Chip1 ID,Chip1,Chip2 ID,Chip2,Affection,Oathed,Oathed Datetime,Locked
59,1001,★★★,Scarecrow,,90,2039075,71775,41225,x1,★★★★★,,1036,1036,10,10,5,5,1003,Phantom Stance,3003,Lone Wolf,150,Oathed,2022-12-25 22:38,Locked
474,3004,★,Jaeger,XL,100,3255500,-,-,x5,★★★★★,◆◆◆◆,598,598,0,0,0,5,0,,0,,100,,,Locked
3198,3004,★,Jaeger,XL,100,3255500,-,-,x5,★★★★★,◆◆◆◆,598,598,0,0,0,5,0,,0,,100,,,Locked
75664,3003,★,Guard,XL,1,0,0,100,x5,★,◆◆◆◆,553,553,0,0,0,0,0,,0,,100,,,Locked
94052,3005,★,Striker,XL,1,0,0,100,x5,★,◆◆◆◆,327,327,0,0,0,0,0,,0,,100,,,Locked
94063,3008,★,Prowler,XL,1,0,0,100,x5,★,◆◆◆◆,374,374,0,0,0,0,0,,0,,100,,,Locked
178903,3002,★,Vespid,XL,1,0,0,100,x5,★,◆◆◆◆,376,376,0,0,0,0,0,,0,,100,,,Locked
288883,2002,★★,Dragoon,XL,1,0,0,100,x5,★★,◆◆◆◆,576,576,0,0,1,0,0,,0,,100,,,Locked
288886,2001,★★,Brute,XL,1,0,0,100,x5,★★,◆◆◆◆,329,329,0,0,1,0,0,,0,,100,,,Locked
288960,1003,★★★,Hunter,,91,2185736,105436,10964,x1,★★★★★,◆,1096,1096,10,10,5,5,2003,Pilfer,1005,Frugal Mobilization,150,Oathed,2022-05-30 17:35,Locked
322223,3004,★,Jaeger,XL,90,1970856,3556,109444,x5,★★★★★,◆◆◆◆,569,569,0,0,0,5,0,,0,,100,,,Locked
355811,2005,★★,Tarantula,L,90,1968000,700,112300,x5,★★★★★,◆◆◆◆,335,335,0,0,1,1,0,,0,,100,,,Locked
413533,2004,★★,Nemeum,L,100,3255500,-,-,x5,★★★★★,◆◆◆◆,965,965,0,0,5,5,0,,0,,100,,,Locked
488812,1005,★★★,Destroyer,,100,3255500,-,-,x1,★★★★★,◆◆◆◆,1263,1263,10,10,5,5,0,,0,,150,Oathed,2022-10-08 14:49,Locked
502426,2005,★★,Tarantula,XL,90,1968000,700,112300,x5,★★★★★,◆◆◆◆,339,339,0,0,5,5,0,,0,,100,,,Locked
544552,2005,★★,Tarantula,L,90,1968000,700,112300,x5,★★★★★,◆◆◆◆,335,335,0,0,1,1,0,,0,,100,,,Locked
584724,1006,★★★,Architect,,100,3255500,-,-,x1,★★★★★,◆◆◆◆,1263,1263,10,10,5,5,0,,0,,150,Oathed,2022-10-08 14:50,Locked
584820,2008,★★,Guard_SWAP,M,1,0,0,100,x5,★★,◆◆◆◆,629,629,0,0,1,0,0,,0,,100,,,Locked
620209,2006,★★,Manticore,L,100,3255500,-,-,x1,★★★★★,◆◆◆◆,1589,1589,0,0,5,5,0,,0,,100,,,Locked
778766,3006,★,Dinergate,XL,100,3255500,-,-,x5,★★★★★,◆◆◆◆,341,341,0,0,0,5,0,,0,,100,,,Locked
778818,2005,★★,Tarantula,XL,90,1968000,700,112300,x5,★★★★★,◆◆◆◆,339,339,0,0,5,5,0,,0,,100,,,Locked
778875,1007,★★★,Ouroboros,,90,1968000,700,112300,x1,★★★★★,,1145,1145,10,10,5,5,0,,0,,100,,,Locked
800171,3005,★,Striker,XL,1,0,0,100,x5,★,◆◆◆◆,327,327,0,0,0,0,0,,0,,100,,,Locked
800213,3004,★,Jaeger,XL,90,1970856,3556,109444,x5,★★★★★,◆◆◆◆,569,569,0,0,0,5,0,,0,,100,,,Locked
862251,3007,★,Scout,XL,1,0,0,100,x5,★,◆◆◆◆,311,311,0,0,0,0,0,,0,,100,,,Locked
894182,3006,★,Dinergate,XL,100,3255500,-,-,x5,★★★★★,◆◆◆◆,341,341,0,0,0,5,0,,0,,100,,,Locked
894184,3005,★,Striker,XL,1,0,0,100,x5,★,◆◆◆◆,327,327,0,0,0,0,0,,0,,100,,,Locked
905856,3006,★,Dinergate,XL,100,3255500,-,-,x5,★★★★★,◆◆◆◆,341,341,0,0,0,5,0,,0,,100,,,Locked
918367,3004,★,Jaeger,XL,90,1970856,3556,109444,x5,★★★★★,◆◆◆◆,569,569,0,0,0,5,0,,0,,100,,,Locked
929892,2011,★★,Prowler_SWAP,L,1,0,0,100,x5,★★,◆◆◆◆,455,455,0,0,1,0,0,,0,,100,,,Locked
929893,2005,★★,Tarantula,XL,90,1968000,700,112300,x5,★★★★★,◆◆◆◆,339,339,0,0,1,1,0,,0,,100,,,Locked
941381,3009,★,Jaguar,XL,100,3255500,-,-,x5,★★★★★,◆◆◆◆,516,516,0,0,0,5,0,,0,,100,,,Locked
941387,1008,★★★,Alchemist,,100,3255500,-,-,x1,★★★★★,◆◆◆◆,1205,1205,10,10,5,5,0,,0,,150,Oathed,2022-05-30 17:34,Locked
957782,2006,★★,Manticore,XL,100,3255500,-,-,x1,★★★★★,◆◆◆◆,1604,1604,0,0,5,5,0,,0,,100,,,Locked
973681,2006,★★,Manticore,L,100,3255500,-,-,x1,★★★★★,◆◆◆◆,1589,1589,0,0,5,5,0,,0,,100,,,Locked
1050616,3006,★,Dinergate,XL,100,3255500,-,-,x5,★★★★★,◆◆◆◆,341,341,0,0,0,5,0,,0,,100,,,Locked
1050627,2012,★★,Dragoon_SWAP,L,100,3255500,-,-,x5,★★★★★,◆◆◆◆,1288,1288,0,0,5,5,0,,0,,100,,,Locked
1050646,3009,★,Jaguar,XL,90,2033462,66162,46838,x5,★★★★★,◆◆◆◆,491,491,0,0,0,5,0,,0,,100,,,Locked
1050655,3004,★,Jaeger,XL,1,0,0,100,x5,★,◆◆◆◆,269,269,0,0,0,0,0,,0,,100,,,Locked
1050658,2009,★★,Ripper SWAP,XL,90,2005765,38465,74535,x5,★★★★★,◆◆◆◆,1050,1050,0,0,5,5,0,,0,,100,,,Locked
1050663,1009,★★★,Dreamer,,100,3255500,-,-,x1,★★★★★,◆◆◆◆,1091,1091,10,10,5,5,0,,0,,150,Oathed,2022-12-25 22:36,Locked
1156278,2003,★★,Aegis,XL,1,0,0,100,x5,★★,◆◆◆◆,618,618,0,0,1,0,0,,0,,100,,,Locked
1156289,1002,★★★,Executioner,,90,1968000,700,112300,x1,★★★★★,,1246,1246,10,10,5,5,0,,0,,100,,,Locked
1245154,1010,★★★,Gager,,90,1968000,700,112300,x1,★★★★★,,1145,1145,10,10,5,5,0,,0,,100,,,Locked
1268126,2006,★★,Manticore,L,1,0,0,100,x1,★★,◆◆◆◆,917,917,0,0,1,0,0,,0,,100,,,Locked
1357152,3006,★,Dinergate,XL,100,3255500,-,-,x5,★★★★★,◆◆◆◆,341,341,0,0,0,5,0,,0,,100,,,Locked
1377784,3004,★,Jaeger,XL,1,0,0,100,x5,★,◆◆◆◆,269,269,0,0,0,0,0,,0,,100,,,Locked
1389663,1011,★★★,Judge,,90,1968000,700,112300,x1,★★★★★,,1251,1251,10,10,5,5,0,,0,,100,,,Locked
1424486,2014,★★,Aegis_SWAP,M,100,3255500,-,-,x5,★★★★★,◆◆◆◆,1686,1686,0,0,5,5,0,,0,,100,,,Locked
1424634,3010,★,Goliath Factory,XL,100,3255500,-,-,x1,★★★★★,◆◆◆◆,1476,1476,0,0,0,5,0,,0,,100,,,Locked
1428301,3009,★,Jaguar,XL,90,1969228,1928,111072,x5,★★★★★,◆◆◆◆,491,491,0,0,0,5,0,,0,,100,,,Locked
1431380,3010,★,Goliath Factory,XL,100,3255500,-,-,x1,★★★★★,◆◆◆◆,1476,1476,0,0,0,5,0,,0,,100,,,Locked
1431421,3004,★,Jaeger,XL,1,0,0,100,x5,★,◆◆◆◆,269,269,0,0,0,0,0,,0,,100,,,Locked
1431439,1012,★★★,Agent,,100,3255500,-,-,x1,★★★★★,◆◆◆◆,1320,1320,10,10,5,5,0,,0,,150,Oathed,2022-05-30 17:32,Locked
1454193,3010,★,Goliath Factory,XL,90,1981948,14648,98352,x1,★★★★★,◆◆◆◆,1419,1419,0,0,0,5,0,,0,,100,,,Locked
1470876,2005,★★,Tarantula,XL,90,1968000,700,112300,x5,★★★★★,◆◆◆◆,339,339,0,0,5,5,0,,0,,100,,,Locked
1470880,2014,★★,Aegis_SWAP,M,100,3255500,-,-,x5,★★★★★,◆◆◆◆,1686,1686,0,0,5,5,0,,0,,100,,,Locked
1470884,2006,★★,Manticore,L,1,0,0,100,x1,★★,◆◆◆◆,917,917,0,0,1,0,0,,0,,100,,,Locked
1470887,2011,★★,Prowler_SWAP,L,100,3255500,-,-,x5,★★★★★,◆◆◆◆,945,945,0,0,5,5,0,,0,,100,,,Locked
1471032,3004,★,Jaeger,XL,1,0,0,100,x5,★,◆◆◆◆,269,269,0,0,0,0,0,,0,,100,,,Locked
1471054,2010,★★,Vespid_SWAP,XL,90,1969557,2257,110743,x5,★★★★★,◆◆◆◆,886,886,0,0,5,5,0,,0,,100,,,Locked
1506516,2004,★★,Nemeum,L,100,3255500,-,-,x5,★★★★★,◆◆◆◆,965,965,0,0,5,5,0,,0,,100,,,Locked
1506596,2014,★★,Aegis_SWAP,L,100,3255500,-,-,x5,★★★★★,◆◆◆◆,1718,1718,0,0,5,5,0,,0,,100,,,Locked
1528644,3010,★,Goliath Factory,XL,90,1968000,700,112300,x1,★★★★★,◆◆◆◆,1419,1419,0,0,0,5,0,,0,,100,,,Locked
1547804,3006,★,Dinergate,XL,1,0,0,100,x5,★,◆◆◆◆,159,159,0,0,0,0,0,,0,,100,,,Locked
1573731,3001,★,Ripper,XL,1,0,0,100,x5,★,◆◆◆◆,411,411,0,0,0,0,0,,0,,100,,,Locked
1573764,2009,★★,Ripper SWAP,XL,90,1968000,700,112300,x5,★★★★★,◆◆◆◆,1050,1050,0,0,5,5,0,,0,,100,,,Locked
1613947,3006,★,Dinergate,XL,1,0,0,100,x5,★,◆◆◆◆,159,159,0,0,0,0,0,,0,,100,,,Locked
1641000,3006,★,Dinergate,XL,1,0,0,100,x5,★,◆◆◆◆,159,159,0,0,0,0,0,,0,,100,,,Locked
1689135,2014,★★,Aegis_SWAP,L,100,3255500,-,-,x5,★★★★★,◆◆◆◆,1718,1718,0,0,5,5,0,,0,,100,,,Locked
1689144,3004,★,Jaeger,XL,1,0,0,100,x5,★,◆◆◆◆,269,269,0,0,0,0,0,,0,,100,,,Locked
1689158,3009,★,Jaguar,XL,90,1968000,700,112300,x5,★★★★★,◆◆◆◆,491,491,0,0,0,5,0,,0,,100,,,Locked
1689161,3006,★,Dinergate,XL,1,0,0,100,x5,★,◆◆◆◆,159,159,0,0,0,0,0,,0,,100,,,Locked
1689186,1013,★★★,Adeline,,90,1968000,700,112300,x1,★★★★★,,981,981,1,1,1,1,0,,0,,100,,,Locked
1815727,1014,★★★,Alina,,100,3255500,-,-,x1,★★★★★,,1074,1074,10,10,5,5,0,,0,,150,Oathed,2022-12-26 12:23,Locked
1835436,3001,★,Ripper,XL,1,0,0,100,x5,★,◆◆◆◆,411,411,0,0,0,0,0,,0,,100,,,Locked
1959123,2013,★★,Striker_SWAP,XL,1,0,0,100,x5,★★,◆◆◆◆,435,435,0,0,1,0,0,,0,,100,,,Locked
1959133,2004,★★,Nemeum,XL,100,3255500,-,-,x5,★★★★★,◆◆◆◆,976,976,0,0,5,5,0,,0,,100,,,Locked
1959179,1015,★★★,Architect - NVW Model,,90,1970289,2989,110011,x1,★★★★★,,1309,1309,10,10,5,5,0,,0,,150,Oathed,2022-12-26 12:22,Locked
1989232,2004,★★,Nemeum,L,100,3255500,-,-,x5,★★★★★,◆◆◆◆,965,965,0,0,5,5,0,,0,,100,,,Locked
1999550,2005,★★,Tarantula,L,1,0,0,100,x5,★★,◆◆◆◆,167,167,0,0,1,0,0,,0,,100,,,Locked
2069636,3010,★,Goliath Factory,XL,90,1968000,700,112300,x1,★★★★★,◆◆◆◆,1419,1419,0,0,0,1,0,,0,,100,,,Locked
2069642,2011,★★,Prowler_SWAP,L,100,3255500,-,-,x5,★★★★★,◆◆◆◆,945,945,0,0,5,5,0,,0,,100,,,Locked
2081946,3006,★,Dinergate,XL,1,0,0,100,x5,★,◆◆◆◆,159,159,0,0,0,0,0,,0,,100,,,Locked
2095043,3004,★,Jaeger,XL,1,0,0,100,x5,★,◆◆◆◆,269,269,0,0,0,0,0,,0,,100,,,Locked
2095054,2004,★★,Nemeum,L,100,3255500,-,-,x5,★★★★★,◆◆◆◆,965,965,0,0,5,5,0,,0,,100,,,Locked
2129702,3004,★,Jaeger,XL,1,0,0,100,x5,★,◆◆◆◆,269,269,0,0,0,0,0,,0,,100,,,Locked
2157597,1004,★★★,Intruder,,90,1968000,700,112300,x1,★★★★★,,1309,1309,1,1,1,1,0,,0,,100,,,Locked
2166912,3010,★,Goliath Factory,XL,90,1968000,700,112300,x1,★★★★★,◆◆◆◆,1419,1419,0,0,0,1,0,,0,,100,,,Locked
2205331,2004,★★,Nemeum,L,90,1968000,700,112300,x5,★★★★★,◆◆◆◆,918,918,0,0,5,5,0,,0,,100,,,Locked
2252037,2014,★★,Aegis_SWAP,XL,100,3255500,-,-,x5,★★★★★,◆◆◆◆,1740,1740,0,0,5,5,0,,0,,100,,,Locked
2295858,3006,★,Dinergate,XL,1,0,0,100,x5,★,◆◆◆◆,159,159,0,0,0,0,0,,0,,100,,,Locked
2296481,3010,★,Goliath Factory,XL,90,1968000,700,112300,x1,★★★★★,◆◆◆◆,1419,1419,0,0,0,1,0,,0,,100,,,Locked
2296707,3004,★,Jaeger,XL,1,0,0,100,x5,★,◆◆◆◆,269,269,0,0,0,0,0,,0,,100,,,Locked
2296827,2017,★★,Zombie Bride,XL,90,1968000,700,112300,x5,★★★★★,◆◆◆◆,1024,1024,0,0,1,1,0,,0,,100,,,Locked
2296834,2004,★★,Nemeum,L,90,1968000,700,112300,x5,★★★★★,◆◆◆◆,918,918,0,0,1,1,0,,0,,100,,,Locked
2296857,1016,★★★,Intruder - Sorceress of the End,,90,1968000,700,112300,x1,★★★★★,,1177,1177,6,1,1,1,0,,0,,100,,,Locked
2318994,3006,★,Dinergate,XL,1,0,0,100,x5,★,◆◆◆◆,159,159,0,0,0,0,0,,0,,100,,,Locked
2336074,3010,★,Goliath Factory,XL,90,1968000,700,112300,x1,★★★★★,◆◆◆◆,1419,1419,0,0,0,1,0,,0,,100,,,Locked
2352302,2012,★★,Dragoon_SWAP,L,1,0,0,100,x5,★★,◆◆◆◆,592,592,0,0,1,0,0,,0,,100,,,Locked
2352319,2015,★★,Jaeger SWAP,L,100,3255500,-,-,x5,★★★★★,◆◆◆◆,761,761,0,0,5,5,0,,0,,100,,,Locked
2352325,2015,★★,Jaeger SWAP,XL,100,3255500,-,-,x5,★★★★★,◆◆◆◆,771,771,0,0,5,5,0,,0,,100,,,Locked
2392594,3001,★,Ripper,XL,1,0,0,100,x5,★,◆◆◆◆,411,411,0,0,0,0,0,,0,,100,,,Locked
2392636,2014,★★,Aegis_SWAP,M,90,1971114,3814,109186,x5,★★★★★,◆◆◆◆,1603,1603,0,0,1,1,0,,0,,100,,,Locked
2392652,2014,★★,Aegis_SWAP,M,90,1971114,3814,109186,x5,★★★★★,◆◆◆◆,1603,1603,0,0,1,1,0,,0,,100,,,Locked
2392680,3005,★,Striker,XL,1,0,0,100,x5,★,◆◆◆◆,327,327,0,0,0,0,0,,0,,100,,,Locked
2392691,2004,★★,Nemeum,L,90,1968000,700,112300,x5,★★★★★,◆◆◆◆,918,918,0,0,1,1,0,,0,,100,,,Locked
2503811,2016,★★,Gingerbread Guard,M,1,0,0,100,x1,★★,,179,179,0,0,3,0,0,,0,,100,,,Locked
2555616,1017,★★★,Destroyer - Dashing Reindeer,,90,1968000,700,112300,x1,★★★★★,,1090,1090,1,1,1,1,0,,0,,100,,,Locked
2555628,2011,★★,Prowler_SWAP,L,100,3255500,-,-,x5,★★★★★,◆◆◆◆,945,945,0,0,5,5,0,,0,,100,,,Locked
2555634,2011,★★,Prowler_SWAP,L,1,0,0,100,x1,★★,,91,91,0,0,1,0,0,,0,,50,,,Locked
2606301,3010,★,Goliath Factory,XL,90,1968000,700,112300,x1,★★★★★,◆◆◆◆,1419,1419,0,0,0,1,0,,0,,100,,,Locked
2609240,2015,★★,Jaeger SWAP,L,90,1968000,700,112300,x5,★★★★★,◆◆◆◆,723,723,0,0,1,1,0,,0,,100,,,Locked
2609290,2012,★★,Dragoon_SWAP,XL,100,3255500,-,-,x5,★★★★★,◆◆◆◆,1304,1304,0,0,5,5,0,,0,,100,,,Locked
2609294,3001,★,Ripper,XL,1,0,0,100,x5,★,◆◆◆◆,411,411,0,0,0,0,0,,0,,100,,,Locked
2654174,2011,★★,Prowler_SWAP,XL,100,3255500,-,-,x5,★★★★★,◆◆◆◆,956,956,0,0,5,5,0,,0,,100,,,Locked
2654314,2012,★★,Dragoon_SWAP,M,1,0,0,100,x1,★★,,118,118,0,0,1,0,0,,0,,50,,,
2654321,2012,★★,Dragoon_SWAP,M,1,0,0,100,x1,★★,,118,118,0,0,1,0,0,,0,,50,,,
2654334,2012,★★,Dragoon_SWAP,S,1,0,0,100,x1,★★,,117,117,0,0,1,0,0,,0,,50,,,
2654338,2006,★★,Manticore,L,1,0,0,100,x1,★★,◆◆◆◆,917,917,0,0,1,0,0,,0,,100,,,Locked
2664336,3009,★,Jaguar,XL,90,1984016,16716,96284,x5,★★★★★,◆◆◆◆,491,491,0,0,0,1,0,,0,,100,,,Locked
2687354,2011,★★,Prowler_SWAP,XL,100,3255500,-,-,x5,★★★★★,◆◆◆◆,956,956,0,0,5,5,0,,0,,100,,,Locked
2687358,2012,★★,Dragoon_SWAP,M,1,0,0,100,x1,★★,,118,118,0,0,1,0,0,,0,,50,,,
2703505,2012,★★,Dragoon_SWAP,M,1,0,0,100,x1,★★,,118,118,0,0,1,0,0,,0,,50,,,
2703511,2006,★★,Manticore,L,1,0,0,100,x1,★★,,517,517,0,0,1,0,0,,0,,50,,,
2703515,2011,★★,Prowler_SWAP,M,1,0,0,100,x1,★★,,91,91,0,0,1,0,0,,0,,50,,,
2703546,2005,★★,Tarantula,L,1,0,0,100,x1,★★,,34,34,0,0,1,0,0,,0,,50,,,
2703550,2012,★★,Dragoon_SWAP,S,1,0,0,100,x1,★★,,117,117,0,0,1,0,0,,0,,50,,,
2718781,2011,★★,Prowler_SWAP,M,1,0,0,100,x1,★★,,91,91,0,0,1,0,0,,0,,50,,,
2718785,3010,★,Goliath Factory,XL,1,0,0,100,x1,★,◆◆◆◆,836,836,0,0,0,0,0,,0,,100,,,Locked
2718787,2012,★★,Dragoon_SWAP,S,1,0,0,100,x1,★★,,117,117,0,0,1,0,0,,0,,50,,,
2718797,2011,★★,Prowler_SWAP,M,1,0,0,100,x1,★★,,91,91,0,0,1,0,0,,0,,50,,,
2718807,2011,★★,Prowler_SWAP,M,1,0,0,100,x1,★★,,91,91,0,0,1,0,0,,0,,50,,,
2718808,2006,★★,Manticore,L,1,0,0,100,x1,★★,,517,517,0,0,1,0,0,,0,,50,,,
2751182,3010,★,Goliath Factory,XL,1,0,0,100,x1,★,◆◆◆◆,836,836,0,0,0,0,0,,0,,100,,,Locked
2762043,3008,★,Prowler,XL,1,0,0,100,x5,★,◆◆◆◆,374,374,0,0,0,0,0,,0,,100,,,Locked
2762119,2014,★★,Aegis_SWAP,XL,100,3255500,-,-,x5,★★★★★,◆◆◆◆,1740,1740,0,0,5,5,0,,0,,100,,,Locked
2762213,1018,★★★,Hunter - Nightfall Moth,,100,3255500,-,-,x1,★★★★★,◆◆◆◆,918,918,10,10,5,5,0,,0,,102,Oathed,2023-05-30 20:12,Locked
2790026,3010,★,Goliath Factory,XL,1,0,0,100,x1,★,◆◆◆◆,836,836,0,0,0,0,0,,0,,100,,,Locked
2790207,2004,★★,Nemeum,L,1,0,0,100,x1,★★,,92,92,0,0,1,0,0,,0,,50,,,
2790231,2015,★★,Jaeger SWAP,XL,100,3255500,-,-,x5,★★★★★,◆◆◆◆,771,771,0,0,5,3,0,,0,,100,,,Locked
2790254,2004,★★,Nemeum,L,1,0,0,100,x1,★★,,92,92,0,0,1,0,0,,0,,50,,,
2813149,3003,★,Guard,XL,1,0,0,100,x5,★,◆◆◆◆,553,553,0,0,0,0,0,,0,,100,,,Locked
2813154,2014,★★,Aegis_SWAP,M,1,0,0,100,x1,★★,,157,157,0,0,1,0,0,,0,,50,,,
2813155,2004,★★,Nemeum,S,1,0,0,100,x1,★★,,91,91,0,0,1,0,0,,0,,50,,,
2828030,3009,★,Jaguar,XL,1,0,0,100,x5,★,◆◆◆◆,237,237,0,0,0,0,0,,0,,100,,,Locked
2836833,2014,★★,Aegis_SWAP,XS,1,0,0,100,x1,★★,,155,155,0,0,1,0,0,,0,,50,,,
2836847,2015,★★,Jaeger SWAP,M,1,0,0,100,x1,★★,,70,70,0,0,1,0,0,,0,,50,,,
2836862,2004,★★,Nemeum,M,1,0,0,100,x1,★★,,92,92,0,0,1,0,0,,0,,50,,,
2836898,2015,★★,Jaeger SWAP,M,1,0,0,100,x1,★★,,70,70,0,0,1,0,0,,0,,50,,,
2836929,2014,★★,Aegis_SWAP,S,1,0,0,100,x1,★★,,156,156,0,0,1,0,0,,0,,50,,,
2836931,2014,★★,Aegis_SWAP,M,1,0,0,100,x1,★★,,157,157,0,0,1,0,0,,0,,50,,,
2836941,2014,★★,Aegis_SWAP,M,1,0,0,100,x1,★★,,157,157,0,0,1,0,0,,0,,50,,,
2836943,2015,★★,Jaeger SWAP,XS,1,0,0,100,x1,★★,,69,69,0,0,1,0,0,,0,,50,,,
2836946,2015,★★,Jaeger SWAP,M,1,0,0,100,x1,★★,,70,70,0,0,1,0,0,,0,,50,,,
2836948,2004,★★,Nemeum,M,1,0,0,100,x1,★★,,92,92,0,0,1,0,0,,0,,50,,,
2863909,2004,★★,Nemeum,M,1,0,0,100,x1,★★,,92,92,0,0,1,0,0,,0,,50,,,
2863913,2014,★★,Aegis_SWAP,M,1,0,0,100,x1,★★,,157,157,0,0,1,0,0,,0,,50,,,
2863918,2004,★★,Nemeum,M,1,0,0,100,x1,★★,,92,92,0,0,1,0,0,,0,,50,,,
2863919,2015,★★,Jaeger SWAP,L,1,0,0,100,x1,★★,,70,70,0,0,1,0,0,,0,,50,,,
2863931,2014,★★,Aegis_SWAP,S,1,0,0,100,x1,★★,,156,156,0,0,1,0,0,,0,,50,,,
2863944,2004,★★,Nemeum,S,1,0,0,100,x1,★★,,91,91,0,0,1,0,0,,0,,50,,,
2863956,2015,★★,Jaeger SWAP,M,1,0,0,100,x1,★★,,70,70,0,0,1,0,0,,0,,50,,,
2863962,2015,★★,Jaeger SWAP,M,1,0,0,100,x1,★★,,70,70,0,0,1,0,0,,0,,50,,,
2863971,2014,★★,Aegis_SWAP,M,1,0,0,100,x1,★★,,157,157,0,0,1,0,0,,0,,50,,,
2901764,3008,★,Prowler,XL,1,0,0,100,x5,★,◆◆◆◆,374,374,0,0,0,0,0,,0,,50,,,Locked
2901773,2011,★★,Prowler_SWAP,M,1,0,0,100,x1,★★,,91,91,0,0,1,0,0,,0,,50,,,
2902012,2012,★★,Dragoon_SWAP,M,1,0,0,100,x1,★★,,118,118,0,0,1,0,0,,0,,50,,,
2902037,2009,★★,Ripper SWAP,L,1,0,0,100,x1,★★,,100,100,0,0,1,0,0,,0,,50,,,
2902052,3007,★,Scout,XL,1,0,0,100,x5,★,◆◆◆◆,311,311,0,0,0,0,0,,0,,50,,,Locked
2915813,2009,★★,Ripper SWAP,M,1,0,0,100,x1,★★,,99,99,0,0,1,0,0,,0,,50,,,
2926416,2009,★★,Ripper SWAP,M,1,0,0,100,x1,★★,,99,99,0,0,1,0,0,,0,,50,,,
2926417,2011,★★,Prowler_SWAP,M,1,0,0,100,x1,★★,,91,91,0,0,1,0,0,,0,,50,,,
2936144,2011,★★,Prowler_SWAP,L,1,0,0,100,x1,★★,,91,91,0,0,1,0,0,,0,,50,,,
2936150,2014,★★,Aegis_SWAP,M,1,0,0,100,x1,★★,,157,157,0,0,1,0,0,,0,,50,,,
2946869,2014,★★,Aegis_SWAP,S,1,0,0,100,x1,★★,,156,156,0,0,1,0,0,,0,,50,,,
2946870,2008,★★,Guard_SWAP,M,1,0,0,100,x1,★★,,126,126,0,0,1,0,0,,0,,50,,,
2946871,2013,★★,Striker_SWAP,S,1,0,0,100,x1,★★,,85,85,0,0,1,0,0,,0,,50,,,
2946872,2012,★★,Dragoon_SWAP,M,1,0,0,100,x1,★★,,118,118,0,0,1,0,0,,0,,50,,,
2946873,2014,★★,Aegis_SWAP,L,1,0,0,100,x1,★★,,159,159,0,0,1,0,0,,0,,50,,,
2959025,2008,★★,Guard_SWAP,S,1,0,0,100,x1,★★,,125,125,0,0,1,0,0,,0,,50,,,
2959026,2009,★★,Ripper SWAP,M,1,0,0,100,x1,★★,,99,99,0,0,1,0,0,,0,,50,,,
2959028,2012,★★,Dragoon_SWAP,S,1,0,0,100,x1,★★,,117,117,0,0,1,0,0,,0,,50,,,
2959031,2013,★★,Striker_SWAP,XL,1,0,0,100,x1,★★,,87,87,0,0,1,0,0,,0,,50,,,
2971743,2012,★★,Dragoon_SWAP,M,1,0,0,100,x1,★★,,118,118,0,0,1,0,0,,0,,50,,,
2971745,2011,★★,Prowler_SWAP,M,1,0,0,100,x1,★★,,91,91,0,0,1,0,0,,0,,50,,,
2971746,2014,★★,Aegis_SWAP,M,1,0,0,100,x1,★★,,157,157,0,0,1,0,0,,0,,50,,,
2985602,2002,★★,Dragoon,M,1,0,0,100,x1,★★,,114,114,0,0,1,0,0,,0,,50,,,
2991067,2004,★★,Nemeum,M,1,0,0,100,x1,★★,,92,92,0,0,1,0,0,,0,,50,,,
2998158,2008,★★,Guard_SWAP,M,1,0,0,100,x1,★★,,126,126,0,0,1,0,0,,0,,50,,,
3014294,2003,★★,Aegis,M,1,0,0,100,x1,★★,,122,122,0,0,1,0,0,,0,,50,,,
3020173,3003,★,Guard,M,1,0,0,100,x1,★,,110,110,0,0,0,0,0,,0,,50,,,
3022372,3003,★,Guard,S,1,0,0,100,x1,★,,109,109,0,0,0,0,0,,0,,50,,,
3024576,3001,★,Ripper,XL,1,0,0,100,x1,★,,83,83,0,0,0,0,0,,0,,50,,,
3029169,3007,★,Scout,L,1,0,0,100,x1,★,,62,62,0,0,0,0,0,,0,,50,,,
3035749,3005,★,Striker,S,1,0,0,100,x1,★,,64,64,0,0,0,0,0,,0,,50,,,
3035750,3008,★,Prowler,M,1,0,0,100,x1,★,,74,74,0,0,0,0,0,,0,,50,,,
3035751,3010,★,Goliath Factory,M,1,0,0,100,x1,★,,629,629,0,0,0,0,0,,0,,50,,,
3035753,3004,★,Jaeger,L,1,0,0,100,x1,★,,54,54,0,0,0,0,0,,0,,50,,,
3035759,2008,★★,Guard_SWAP,M,1,0,0,100,x1,★★,,126,126,0,0,1,0,0,,0,,50,,,
3035761,2011,★★,Prowler_SWAP,XL,100,3255500,-,-,x5,★★★★★,◆◆◆◆,956,956,0,0,5,5,0,,0,,100,,,Locked
3035764,3006,★,Dinergate,M,1,0,0,100,x1,★,,32,32,0,0,0,0,0,,0,,50,,,
3035765,3002,★,Vespid,M,1,0,0,100,x1,★,,75,75,0,0,0,0,0,,0,,50,,,
3035767,3004,★,Jaeger,M,1,0,0,100,x1,★,,53,53,0,0,0,0,0,,0,,50,,,
3043009,3001,★,Ripper,S,1,0,0,100,x1,★,,81,81,0,0,0,0,0,,0,,50,,,
3047540,3007,★,Scout,L,1,0,0,100,x1,★,,62,62,0,0,0,0,0,,0,,50,,,
3049649,3001,★,Ripper,M,1,0,0,100,x1,★,,81,81,0,0,0,0,0,,0,,50,,,
3051591,3002,★,Vespid,S,1,0,0,100,x1,★,,74,74,0,0,0,0,0,,0,,50,,,
3051592,3003,★,Guard,S,1,0,0,100,x1,★,,109,109,0,0,0,0,0,,0,,50,,,
3051593,3005,★,Striker,M,1,0,0,100,x1,★,,65,65,0,0,0,0,0,,0,,50,,,
3051594,3002,★,Vespid,L,1,0,0,100,x1,★,,75,75,0,0,0,0,0,,0,,50,,,
3051596,3007,★,Scout,M,1,0,0,100,x1,★,,62,62,0,0,0,0,0,,0,,50,,,
3059643,3010,★,Goliath Factory,M,1,0,0,100,x1,★,,629,629,0,0,0,0,0,,0,,50,,,
3061696,2006,★★,Manticore,M,1,0,0,100,x1,★★,,512,512,0,0,1,0,0,,0,,50,,,
